corpus_id,corpus_file_name,row,task_id,task_dir,answer,assessment_stage,audio_file,block_index,chance_level,d,difficulty,image,item,item_id,item_uid,orig_item_num,prompt,randomize,required_selections,response_alternatives,source,task,time_limit,trial_num,trial_type
vocab-de-DE-v1,vocab-item-bank-de-DE,1,vocab,levante-vocabulary-dev,,instructions,vocab-instruct-1,0,,,,,"In diesem Spiel hörst du Wörter und siehst dir verschiedene Bilder an. Deine Aufgabe ist es, das Bild auszuwählen, das zum Wort passt!",vocab-instruct-1,,,,,,,,vocab,,,instructions
vocab-de-DE-v1,vocab-item-bank-de-DE,2,vocab,levante-vocabulary-dev,,instructions,vocab-instruct-2,0,,,,,"Manche Wörter sind schwer, und das ist in Ordnung. Wenn du dir nicht sicher bist, gib einfach dein Bestes!",vocab-instruct-2,,,,,,,,vocab,,,instructions
vocab-de-DE-v1,vocab-item-bank-de-DE,3,vocab,levante-vocabulary-dev,,instructions,vocab-instruct-3,0,,,,,"Wenn du das Wort noch einmal hören möchtest, drücke die Lautsprechertaste.",vocab-instruct-3,,,,,,,,vocab,,,instructions
vocab-de-DE-v1,vocab-item-bank-de-DE,4,vocab,levante-vocabulary-dev,acorn,test_response,vocab-item-001,1,0.25,-4.1862,-3.9536,,die Eichel,acorn,vocab_word_acorn,,,,,"coconut,key,clothesline",clip,vocab,,,test
vocab-de-DE-v1,vocab-item-bank-de-DE,5,vocab,levante-vocabulary-dev,aloe,test_response,vocab-item-002,1,0.25,-0.089,-0.1172,,die aloe vera,aloe,vocab_word_aloe,,,,,"bracket,cactus,banner",clip,vocab,,,test
vocab-de-DE-v1,vocab-item-bank-de-DE,6,vocab,levante-vocabulary-dev,antenna,test_response,vocab-item-003,1,0.25,-1.1464,-3.6137,,die Antenne,antenna,vocab_word_antenna,,,,,"pinecone,stem,backgammon",clip,vocab,,,test
vocab-de-DE-v1,vocab-item-bank-de-DE,7,vocab,levante-vocabulary-dev,artichoke,test_response,vocab-item-004,1,0.25,-0.9324,-1.4173,,die artischocke,artichoke,vocab_word_artichoke,,,,,"leek,sunroof,cello",clip,vocab,,,test
vocab-de-DE-v1,vocab-item-bank-de-DE,8,vocab,levante-vocabulary-dev,bamboo,test_response,vocab-item-005,1,0.25,,-4.4671,,der bambus,bamboo,vocab_word_bamboo,,,,,"lumber,yacht,apron",clip,vocab,,,test
vocab-de-DE-v1,vocab-item-bank-de-DE,9,vocab,levante-vocabulary-dev,barrel,test_response,vocab-item-006,1,0.25,-3.036,-3.4344,,das fass,barrel,vocab_word_barrel,,,,,"bucket,shelf,anteater",clip,vocab,,,test
vocab-de-DE-v1,vocab-item-bank-de-DE,10,vocab,levante-vocabulary-dev,blender,test_response,vocab-item-007,1,0.25,,-3.1622,,der mixer,blender,vocab_word_blender,,,,,"blind,mailbox,trampoline",clip,vocab,,,test
vocab-de-DE-v1,vocab-item-bank-de-DE,11,vocab,levante-vocabulary-dev,blower,test_response,vocab-item-008,1,0.25,-2.4651,-2.6242,,das gebläse,blower,vocab_word_blower,,,,,"buggy,burner,papaya",clip,vocab,,,test
vocab-de-DE-v1,vocab-item-bank-de-DE,12,vocab,levante-vocabulary-dev,bouquet,test_response,vocab-item-009,1,0.25,-1.7052,-4.4621,,der blumenstrauß,bouquet,vocab_word_bouquet,,,,,"flowerpot,centerpiece,submarine",clip,vocab,,,test
vocab-de-DE-v1,vocab-item-bank-de-DE,13,vocab,levante-vocabulary-dev,buffet,test_response,vocab-item-010,1,0.25,,-3.171,,das buffet,buffet,vocab_word_buffet,,,,,"counter,crib,rhubarb",clip,vocab,,,test
vocab-de-DE-v1,vocab-item-bank-de-DE,14,vocab,levante-vocabulary-dev,bulldozer,test_response,vocab-item-011,1,0.25,-1.7354,-2.288,,die planierraupe,bulldozer,vocab_word_bulldozer,,,,,"caterpillar,tractor,eggplant",clip,vocab,,,test
vocab-de-DE-v1,vocab-item-bank-de-DE,15,vocab,levante-vocabulary-dev,cake,test_response,vocab-item-012,1,0.25,,-4.4936,,die Torte,cake,vocab_word_cake,,,,,"dessert,refrigerator,battery",clip,vocab,,,test
vocab-de-DE-v1,vocab-item-bank-de-DE,16,vocab,levante-vocabulary-dev,caramel,test_response,vocab-item-013,1,0.25,-2.0087,-3.3982,,das karamell,caramel,vocab_word_caramel,,,,,"amber,olive,warthog",clip,vocab,,,test
vocab-de-DE-v1,vocab-item-bank-de-DE,17,vocab,levante-vocabulary-dev,carousel,test_response,vocab-item-014,1,0.25,-1.3925,-3.853,,das karussell,carousel,vocab_word_carousel,,,,,"carriage,dish,melon",clip,vocab,,,test
vocab-de-DE-v1,vocab-item-bank-de-DE,18,vocab,levante-vocabulary-dev,carrot,test_response,vocab-item-015,1,0.25,-4.4345,-5,,die karotte,carrot,vocab_word_carrot,,,,,"phone,vegetable,bathtub",clip,vocab,,,test
vocab-de-DE-v1,vocab-item-bank-de-DE,19,vocab,levante-vocabulary-dev,cassette,test_response,vocab-item-016,1,0.25,-1.2517,-3.157,,die kassette,cassette,vocab_word_cassette,,,,,"book,tape,hammock",clip,vocab,,,test
vocab-de-DE-v1,vocab-item-bank-de-DE,20,vocab,levante-vocabulary-dev,cheese,test_response,vocab-item-017,1,0.25,-0.0719,-2.0044,,der käse,cheese,vocab_word_cheese,,,,,"butter,mud,hippopotamus",clip,vocab,,,test
vocab-de-DE-v1,vocab-item-bank-de-DE,21,vocab,levante-vocabulary-dev,cloak,test_response,vocab-item-018,1,0.25,-0.88,-2.0727,,der Umhang,cloak,vocab_word_cloak,,,,,"cinnamon,hood,jellyfish",clip,vocab,,,test
vocab-de-DE-v1,vocab-item-bank-de-DE,22,vocab,levante-vocabulary-dev,clothespin,test_response,vocab-item-019,1,0.25,-2.7166,-5,,die wäscheklammer,clothespin,vocab_word_clothespin,,,,,"toothpick,volleyball,hanger",clip,vocab,,,test
vocab-de-DE-v1,vocab-item-bank-de-DE,23,vocab,levante-vocabulary-dev,coaster,test_response,vocab-item-020,1,0.25,-0.4266,-2.0973,,der untersetzer,coaster,vocab_word_coaster,,,,,"card,tablecloth,hummingbird",clip,vocab,,,test
vocab-de-DE-v1,vocab-item-bank-de-DE,24,vocab,levante-vocabulary-dev,cork,test_response,vocab-item-021,1,0.25,-2.0911,-4.6727,,der korken,cork,vocab_word_cork,,,,,"jersey,skateboard,mascara",clip,vocab,,,test
vocab-de-DE-v1,vocab-item-bank-de-DE,25,vocab,levante-vocabulary-dev,cornbread,test_response,vocab-item-022,1,0.25,-2.6628,-1.9,,das maisbrot,cornbread,vocab_word_cornbread,,,,,"corn,wreath,organ",clip,vocab,,,test
vocab-de-DE-v1,vocab-item-bank-de-DE,26,vocab,levante-vocabulary-dev,corset,test_response,vocab-item-023,1,0.25,-0.041,-0.5784,,das korsett,corset,vocab_word_corset,,,,,"harness,mantle,bonsai",clip,vocab,,,test
vocab-de-DE-v1,vocab-item-bank-de-DE,28,vocab,levante-vocabulary-dev,elbow,test_response,vocab-item-025,1,0.25,-2.2687,-4.0748,,Der Ellenbogen,elbow,vocab_word_elbow,,,,,"arm,bed,gorilla",clip,vocab,,,test
vocab-de-DE-v1,vocab-item-bank-de-DE,29,vocab,levante-vocabulary-dev,fan,test_response,vocab-item-026,1,0.25,-4.0501,-4.2379,,der ventilator,fan,vocab_word_fan,,,,,"album,boulder,chipmunk",clip,vocab,,,test
vocab-de-DE-v1,vocab-item-bank-de-DE,30,vocab,levante-vocabulary-dev,foam,test_response,vocab-item-027,1,0.25,-2.4014,-3.5019,,der schaumstoff,foam,vocab_word_foam,,,,,"float,quilt,asparagus",clip,vocab,,,test
vocab-de-DE-v1,vocab-item-bank-de-DE,31,vocab,levante-vocabulary-dev,footbath,test_response,vocab-item-028,1,0.25,,-4.1368,,das fußbad,footbath,vocab_word_footbath,,,,,"trough,vest,rhinoceros",clip,vocab,,,test
vocab-de-DE-v1,vocab-item-bank-de-DE,32,vocab,levante-vocabulary-dev,fruitcake,test_response,vocab-item-029,1,0.25,-2.7469,-3.4415,,das Früchtebrot,fruitcake,vocab_word_fruitcake,,,,,"dough,fudge,anvil",clip,vocab,,,test
vocab-de-DE-v1,vocab-item-bank-de-DE,33,vocab,levante-vocabulary-dev,gutter,test_response,vocab-item-030,1,0.25,-0.7046,-2.52,,die dachrinne,gutter,vocab_word_gutter,,,,,"almond,filter,roofwindow",clip,vocab,,,test
vocab-de-DE-v1,vocab-item-bank-de-DE,34,vocab,levante-vocabulary-dev,hamster,test_response,vocab-item-031,1,0.25,-4.0798,-4.2866,,der hamster,hamster,vocab_word_hamster,,,,,"rabbit,tadpole,skirt",clip,vocab,,,test
vocab-de-DE-v1,vocab-item-bank-de-DE,35,vocab,levante-vocabulary-dev,hedgehog,test_response,vocab-item-032,1,0.25,,-4.9801,,der igel,hedgehog,vocab_word_hedgehog,,,,,"iguana,owl,dumbwaiter",clip,vocab,,,test
vocab-de-DE-v1,vocab-item-bank-de-DE,36,vocab,levante-vocabulary-dev,hoe,test_response,vocab-item-033,1,0.25,-1.6399,-3.9736,,die hacke,hoe,vocab_word_hoe,,,,,"dustpan,peg,beaker",clip,vocab,,,test
vocab-de-DE-v1,vocab-item-bank-de-DE,37,vocab,levante-vocabulary-dev,hopscotch,test_response,vocab-item-034,1,0.25,-2.7237,-1.2014,,Himmel und Hölle,hopscotch,vocab_word_hopscotch,,,,,"chalk,funnel,jug",clip,vocab,,,test
vocab-de-DE-v1,vocab-item-bank-de-DE,38,vocab,levante-vocabulary-dev,kimono,test_response,vocab-item-035,1,0.25,-0.6306,-0.0669,,der kimono,kimono,vocab_word_kimono,,,,,"cardigan,turntable,cable",clip,vocab,,,test
vocab-de-DE-v1,vocab-item-bank-de-DE,39,vocab,levante-vocabulary-dev,latch,test_response,vocab-item-036,1,0.25,-1.8556,-2.3376,,der riegel,latch,vocab_word_latch,,,,,"lock,microwave,umbrella",clip,vocab,,,test
vocab-de-DE-v1,vocab-item-bank-de-DE,40,vocab,levante-vocabulary-dev,locker,test_response,vocab-item-037,1,0.25,-3.9611,-3.9561,,das schließfach,locker,vocab_word_locker,,,,,"basket,cabinet,gargoyle",clip,vocab,,,test
vocab-de-DE-v1,vocab-item-bank-de-DE,42,vocab,levante-vocabulary-dev,map,test_response,vocab-item-039,1,0.25,-3.7111,-5,,die karte,map,vocab_word_map,,,,,"marker,ruby,dishwasher",clip,vocab,,,test
vocab-de-DE-v1,vocab-item-bank-de-DE,43,vocab,levante-vocabulary-dev,marshmallow,test_response,vocab-item-040,1,0.25,,-4.1029,,das marshmallow,marshmallow,vocab_word_marshmallow,,,,,"dryer,snowball,rooster",clip,vocab,,,test
vocab-de-DE-v1,vocab-item-bank-de-DE,44,vocab,levante-vocabulary-dev,net,test_response,vocab-item-041,1,0.25,,-4.4604,,das netz,net,vocab_word_net,,,,,"domino,tee,hydrant",clip,vocab,,,test
vocab-de-DE-v1,vocab-item-bank-de-DE,45,vocab,levante-vocabulary-dev,oil,test_response,vocab-item-042,1,0.25,,-4.9643,,das öl,oil,vocab_word_oil,,,,,"gel,grain,bassinet",clip,vocab,,,test
vocab-de-DE-v1,vocab-item-bank-de-DE,46,vocab,levante-vocabulary-dev,omelet,test_response,vocab-item-043,1,0.25,-2.4992,-1.6219,,das omelett,omelet,vocab_word_omelet,,,,,"clay,pancake,trunk",clip,vocab,,,test
vocab-de-DE-v1,vocab-item-bank-de-DE,47,vocab,levante-vocabulary-dev,pie,test_response,vocab-item-044,1,0.25,,-2.2599,,der kuchen,pie,vocab_word_pie,,,,,"flashlight,pizza,sweater",clip,vocab,,,test
vocab-de-DE-v1,vocab-item-bank-de-DE,48,vocab,levante-vocabulary-dev,pistachio,test_response,vocab-item-045,1,0.25,-2.1195,-2.4249,,die pistazie,pistachio,vocab_word_pistachio,,,,,"avocado,taco,bagpipe",clip,vocab,,,test
vocab-de-DE-v1,vocab-item-bank-de-DE,49,vocab,levante-vocabulary-dev,pitcher,test_response,vocab-item-046,1,0.25,-0.0966,-1.6759,,der krug,pitcher,vocab_word_pitcher,,,,,"batter,tumbleweed,medal",clip,vocab,,,test
vocab-de-DE-v1,vocab-item-bank-de-DE,50,vocab,levante-vocabulary-dev,potato,test_response,vocab-item-047,1,0.25,,-5,,die kartoffel,potato,vocab_word_potato,,,,,"glasses,pot,dragonfly",clip,vocab,,,test
vocab-de-DE-v1,vocab-item-bank-de-DE,51,vocab,levante-vocabulary-dev,prism,test_response,vocab-item-048,1,0.25,-0.9176,-0.679,,das prisma,prism,vocab_word_prism,,,,,"radar,subway,chinchilla",clip,vocab,,,test
vocab-de-DE-v1,vocab-item-bank-de-DE,52,vocab,levante-vocabulary-dev,puddle,test_response,vocab-item-049,1,0.25,-3.1186,-3.565,,die pfütze,puddle,vocab_word_puddle,,,,,"baseball,bubble,salami",clip,vocab,,,test
vocab-de-DE-v1,vocab-item-bank-de-DE,53,vocab,levante-vocabulary-dev,pump,test_response,vocab-item-050,1,0.25,-1.8656,-4.1174,,die pumpe,pump,vocab_word_pump,,,,,"coat,plug,scarf",clip,vocab,,,test
vocab-de-DE-v1,vocab-item-bank-de-DE,54,vocab,levante-vocabulary-dev,rice,test_response,vocab-item-051,1,0.25,,-4.9266,,der reis,rice,vocab_word_rice,,,,,"box,corn,bedpost",clip,vocab,,,test
vocab-de-DE-v1,vocab-item-bank-de-DE,55,vocab,levante-vocabulary-dev,saddle,test_response,vocab-item-052,1,0.25,-2.482,-4.5687,,der sattel,saddle,vocab_word_saddle,,,,,"figurine,dogharness,broccoli",clip,vocab,,,test
vocab-de-DE-v1,vocab-item-bank-de-DE,56,vocab,levante-vocabulary-dev,sandbag,test_response,vocab-item-053,1,0.25,-1.9166,-3.8433,,der sandsack,sandbag,vocab_word_sandbag,,,,,"sandbox,valve,octopus",clip,vocab,,,test
vocab-de-DE-v1,vocab-item-bank-de-DE,57,vocab,levante-vocabulary-dev,scaffolding,test_response,vocab-item-054,1,0.25,-0.1618,-4.0779,,das gerüst,scaffolding,vocab_word_scaffolding,,,,,"satellite,veil,antelope",clip,vocab,,,test
vocab-de-DE-v1,vocab-item-bank-de-DE,59,vocab,levante-vocabulary-dev,seagull,test_response,vocab-item-056,1,0.25,-3.0402,-2.5013,,die möwe,seagull,vocab_word_seagull,,,,,"lobster,pigeon,perfume",clip,vocab,,,test
vocab-de-DE-v1,vocab-item-bank-de-DE,60,vocab,levante-vocabulary-dev,ship,test_response,vocab-item-057,1,0.25,,-1.5828,,das schiff,ship,vocab_word_ship,,,,,"boat,nose,zucchini",clip,vocab,,,test
vocab-de-DE-v1,vocab-item-bank-de-DE,61,vocab,levante-vocabulary-dev,shower,test_response,vocab-item-058,1,0.25,-4.1759,-3.92,,die dusche,shower,vocab_word_shower,,,,,"soap,toe,cantaloupe",clip,vocab,,,test
vocab-de-DE-v1,vocab-item-bank-de-DE,62,vocab,levante-vocabulary-dev,silverware,test_response,vocab-item-059,1,0.25,-2.3136,-0.9756,,das tafelsilber,silverware,vocab_word_silverware,,,,,"garlic,trophy,eggnog",clip,vocab,,,test
vocab-de-DE-v1,vocab-item-bank-de-DE,63,vocab,levante-vocabulary-dev,sink,test_response,vocab-item-060,1,0.25,,-4.9065,,das waschbecken,sink,vocab_word_sink,,,,,"laundrybasket,toilet,knitting",clip,vocab,,,test
vocab-de-DE-v1,vocab-item-bank-de-DE,64,vocab,levante-vocabulary-dev,ski,test_response,vocab-item-061,1,0.25,-3.3404,-3.3684,,Die ski ,ski,vocab_word_ski,,,,,"ice,suitcase,pincushion",clip,vocab,,,test
vocab-de-DE-v1,vocab-item-bank-de-DE,65,vocab,levante-vocabulary-dev,sloth,test_response,vocab-item-062,1,0.25,-3.0409,-4.5114,,das faultier,sloth,vocab_word_sloth,,,,,"clam,donkey,incense",clip,vocab,,,test
vocab-de-DE-v1,vocab-item-bank-de-DE,66,vocab,levante-vocabulary-dev,snail,test_response,vocab-item-063,1,0.25,-2.6348,-3.951,,die schnecke,snail,vocab_word_snail,,,,,"cow,worm,visor",clip,vocab,,,test
vocab-de-DE-v1,vocab-item-bank-de-DE,67,vocab,levante-vocabulary-dev,sorbet,test_response,vocab-item-064,1,0.25,-0.111,0.0549,,das sorbet,sorbet,vocab_word_sorbet,,,,,"palette,tamale,chive",clip,vocab,,,test
vocab-de-DE-v1,vocab-item-bank-de-DE,68,vocab,levante-vocabulary-dev,spatula,test_response,vocab-item-065,1,0.25,-1.9441,-2.8362,,der Pfannenwender,spatula,vocab_word_spatula,,,,,"pan,paddle,pheasant",clip,vocab,,,test
vocab-de-DE-v1,vocab-item-bank-de-DE,69,vocab,levante-vocabulary-dev,sprinkler,test_response,vocab-item-066,1,0.25,-2.5125,-3.3091,,der  sprinkler,sprinkler,vocab_word_sprinkler,,,,,"flower,sparkler,charcoal",clip,vocab,,,test
vocab-de-DE-v1,vocab-item-bank-de-DE,70,vocab,levante-vocabulary-dev,squash,test_response,vocab-item-067,1,0.25,,,,der kürbis,squash,vocab_word_squash,,,,,"branch,parsnip,gazelle",clip,vocab,,,test
vocab-de-DE-v1,vocab-item-bank-de-DE,71,vocab,levante-vocabulary-dev,squirrel,test_response,vocab-item-068,1,0.25,,-4.3748,,das eichhörnchen,squirrel,vocab_word_squirrel,,,,,"eagle,monkey,shorts",clip,vocab,,,test
vocab-de-DE-v1,vocab-item-bank-de-DE,72,vocab,levante-vocabulary-dev,stew,test_response,vocab-item-069,1,0.25,-0.0446,-2.2851,,der Eintopf,stew,vocab_word_stew,,,,,"pan,soup,orchid",clip,vocab,,,test
vocab-de-DE-v1,vocab-item-bank-de-DE,73,vocab,levante-vocabulary-dev,rubber band,test_response,vocab-item-070,1,0.25,,-4.8673,,das Gummiband,rubber_band,vocab_word_rubberband,,,,,"drill,thermostat,vase",clip,vocab,,,test
vocab-de-DE-v1,vocab-item-bank-de-DE,74,vocab,levante-vocabulary-dev,stump,test_response,vocab-item-071,1,0.25,-1.7437,-2.3426,,der stumpf,stump,vocab_word_stump,,,,,"bookshelf,log,showerhead",clip,vocab,,,test
vocab-de-DE-v1,vocab-item-bank-de-DE,75,vocab,levante-vocabulary-dev,sunflower,test_response,vocab-item-072,1,0.25,-4.1555,-4.4959,,die sonnenblume,sunflower,vocab_word_sunflower,,,,,"pineapple,rim,pinball",clip,vocab,,,test
vocab-de-DE-v1,vocab-item-bank-de-DE,76,vocab,levante-vocabulary-dev,swordfish,test_response,vocab-item-073,1,0.25,-0.4291,-0.1375,,der schwertfisch,swordfish,vocab_word_swordfish,,,,,"catfish,leopard,graffiti",clip,vocab,,,test
vocab-de-DE-v1,vocab-item-bank-de-DE,77,vocab,levante-vocabulary-dev,tapestry,test_response,vocab-item-074,1,0.25,-0.8979,-0.9436,,der wandteppich,tapestry,vocab_word_tapestry,,,,,"backdrop,brickwall,forklift",clip,vocab,,,test
vocab-de-DE-v1,vocab-item-bank-de-DE,78,vocab,levante-vocabulary-dev,teabag,test_response,vocab-item-075,1,0.25,,-2.3714,,der teebeutel,teabag,vocab_word_teabag,,,,,"fingerprint,tea,braid",clip,vocab,,,test
vocab-de-DE-v1,vocab-item-bank-de-DE,79,vocab,levante-vocabulary-dev,telescope,test_response,vocab-item-076,1,0.25,-3.3639,-3.0658,,das teleskop,telescope,vocab_word_telescope,,,,,"tripod,windshield,anklet",clip,vocab,,,test
vocab-de-DE-v1,vocab-item-bank-de-DE,80,vocab,levante-vocabulary-dev,thermos,test_response,vocab-item-077,1,0.25,-0.4268,-2.4,,die thermoskanne,thermos,vocab_word_thermos,,,,,"firewood,teapot,coral",clip,vocab,,,test
vocab-de-DE-v1,vocab-item-bank-de-DE,81,vocab,levante-vocabulary-dev,treasure,test_response,vocab-item-078,1,0.25,-3.1866,-2.749,,der schatz,treasure,vocab_word_treasure,,,,,"gift,rope,lamp",clip,vocab,,,test
vocab-de-DE-v1,vocab-item-bank-de-DE,82,vocab,levante-vocabulary-dev,trumpet,test_response,vocab-item-079,1,0.25,,-4.3307,,die trompete,trumpet,vocab_word_trumpet,,,,,"flute,violin,coleslaw",clip,vocab,,,test
vocab-de-DE-v1,vocab-item-bank-de-DE,83,vocab,levante-vocabulary-dev,tulip,test_response,vocab-item-080,1,0.25,-1.3736,-1.0594,,die tulpe,tulip,vocab_word_tulip,,,,,"glove,rose,hubcap",clip,vocab,,,test
vocab-de-DE-v1,vocab-item-bank-de-DE,84,vocab,levante-vocabulary-dev,turbine,test_response,vocab-item-081,1,0.25,0.1884,-1.1043,,die turbine,turbine,vocab_word_turbine,,,,,"generator,tab,pesto",clip,vocab,,,test
vocab-de-DE-v1,vocab-item-bank-de-DE,85,vocab,levante-vocabulary-dev,turkey,test_response,vocab-item-082,1,0.25,-4.4343,-3.5321,,der truthahn,turkey,vocab_word_turkey,,,,,"goat,swan,pencil",clip,vocab,,,test
vocab-de-DE-v1,vocab-item-bank-de-DE,86,vocab,levante-vocabulary-dev,turtle,test_response,vocab-item-083,1,0.25,,-3.6621,,die schildkröte,turtle,vocab_word_turtle,,,,,"frog,horse,railing",clip,vocab,,,test
vocab-de-DE-v1,vocab-item-bank-de-DE,87,vocab,levante-vocabulary-dev,typewriter,test_response,vocab-item-084,1,0.25,,-1.5158,,die schreibmaschine,typewriter,vocab_word_typewriter,,,,,"printer,sunglasses,drumstick",clip,vocab,,,test
vocab-de-DE-v1,vocab-item-bank-de-DE,88,vocab,levante-vocabulary-dev,watermelon,test_response,vocab-item-085,1,0.25,,-4.3122,,die wassermelone,watermelon,vocab_word_watermelon,,,,,"screwdriver,strawberry,crane",clip,vocab,,,test
vocab-de-DE-v1,vocab-item-bank-de-DE,89,vocab,levante-vocabulary-dev,waterwheel,test_response,vocab-item-086,1,0.25,,-2.3651,,das wasserrad,waterwheel,vocab_word_waterwheel,,,,,"pinwheel,target,boa",clip,vocab,,,test
vocab-de-DE-v1,vocab-item-bank-de-DE,90,vocab,levante-vocabulary-dev,ant,test_response,vocab-item-087,1,0.25,,-4.2989,,die ameise,ant,vocab_word_ant,,,,,"muffin,raspberry,mint",clip,vocab,,,catch
vocab-de-DE-v1,vocab-item-bank-de-DE,91,vocab,levante-vocabulary-dev,ball,test_response,vocab-item-088,1,0.25,-4.4474,-3.1648,,die kugel,ball,vocab_word_ball,,,,,"pen,peach,snack",clip,vocab,,,catch
vocab-de-DE-v1,vocab-item-bank-de-DE,92,vocab,levante-vocabulary-dev,bear,test_response,vocab-item-089,1,0.25,-4.5134,-4.8801,,der bär,bear,vocab_word_bear,,,,,"mirror,saw,bell",clip,vocab,,,catch
vocab-de-DE-v1,vocab-item-bank-de-DE,93,vocab,levante-vocabulary-dev,duck,test_response,vocab-item-090,1,0.25,,,,die ente,duck,vocab_word_duck,,,,,"tongue,ladder,snake",clip,vocab,,,practice
vocab-de-DE-v1,vocab-item-bank-de-DE,94,vocab,levante-vocabulary-dev,fork,test_response,vocab-item-091,1,0.25,,,,die gabel,fork,vocab_word_fork,,,,,"crow,wagon,bead",clip,vocab,,,practice
vocab-de-DE-v1,vocab-item-bank-de-DE,95,vocab,levante-vocabulary-dev,kitten,test_response,vocab-item-092,1,0.25,,,,das kätzchen,kitten,vocab_word_kitten,,,,,"wrist,pillow,mattress",clip,vocab,,,practice
vocab-de-DE-v1,vocab-item-bank-de-DE,96,vocab,levante-vocabulary-dev,knee,test_response,vocab-item-093,1,0.25,,,,das knie,knee,vocab_word_knee,,,,,"face,leash,sock",clip,vocab,,,practice
vocab-de-DE-v1,vocab-item-bank-de-DE,97,vocab,levante-vocabulary-dev,milkshake,test_response,vocab-item-094,1,0.25,,,,der milchshake,milkshake,vocab_word_milkshake,,,,,"pan,needle,gate",clip,vocab,,,practice
vocab-de-DE-v1,vocab-item-bank-de-DE,98,vocab,levante-vocabulary-dev,skin,test_response,vocab-item-095,1,0.25,,,,die haut,skin,vocab_word_skin,,,,,"cardboard,drum,clock",clip,vocab,,,practice
vocab-de-DE-v1,vocab-item-bank-de-DE,99,vocab,levante-vocabulary-dev,wall,test_response,vocab-item-096,1,0.25,,,,die wand,wall,vocab_word_wall,,,,,"knob,sponge,robot",clip,vocab,,,practice
vocab-de-DE-v1,vocab-item-bank-de-DE,100,vocab,levante-vocabulary-dev,wheel,test_response,vocab-item-097,1,0.25,,,,das rad,wheel,vocab_word_wheel,,,,,"fish,bowl,meat",clip,vocab,,,practice
vocab-de-DE-v1,vocab-item-bank-de-DE,101,vocab,levante-vocabulary-dev,farm,test_response,vocab-item-098,1,0.25,,-1.5979,,der bauernhof,farm,vocab_word_farm,,,,,"zoo,park,forest",manual,vocab,,,test
vocab-de-DE-v1,vocab-item-bank-de-DE,102,vocab,levante-vocabulary-dev,juggling,test_response,vocab-item-099,1,0.25,,-3.2036,,jonglieren,juggling,vocab_word_juggling,,,,,"running,biking,playing",manual,vocab,,,test
vocab-de-DE-v1,vocab-item-bank-de-DE,103,vocab,levante-vocabulary-dev,dressing,test_response,vocab-item-100,1,0.25,-1.4867,-1.5887,,das Dressing,dressing,vocab_word_dressing,,,,,"juice,ketchup,flour",manual,vocab,,,test
vocab-de-DE-v1,vocab-item-bank-de-DE,104,vocab,levante-vocabulary-dev,roof,test_response,vocab-item-101,1,0.25,-3.2605,-4.3167,,das dach,roof,vocab_word_roof,,,,,"stairs,door,fence",manual,vocab,,,test
vocab-de-DE-v1,vocab-item-bank-de-DE,105,vocab,levante-vocabulary-dev,peeking,test_response,vocab-item-102,1,0.25,-3.2487,-2.2764,,spähen,peeking,vocab_word_peeking,,,,,"reading,playing,surfing",manual,vocab,,,test
vocab-de-DE-v1,vocab-item-bank-de-DE,106,vocab,levante-vocabulary-dev,ruler,test_response,vocab-item-103,1,0.25,,-3.7856,,das lineal,ruler,vocab_word_ruler,,,,,"measuringtape,compass,caliper",manual,vocab,,,test
vocab-de-DE-v1,vocab-item-bank-de-DE,107,vocab,levante-vocabulary-dev,tunnel,test_response,vocab-item-104,1,0.25,,-3.4302,,der tunnel,tunnel,vocab_word_tunnel,,,,,"pathway,waterway,cavern",manual,vocab,,,test
vocab-de-DE-v1,vocab-item-bank-de-DE,108,vocab,levante-vocabulary-dev,envelope,test_response,vocab-item-105,1,0.25,-1.9725,-2.4459,,der umschlag,envelope,vocab_word_envelope,,,,,"checkbook,stamp,notecard",manual,vocab,,,test
vocab-de-DE-v1,vocab-item-bank-de-DE,109,vocab,levante-vocabulary-dev,diamond,test_response,vocab-item-106,1,0.25,-2.3706,-1.0947,,der diamant,diamond,vocab_word_diamond,,,,,"ring,emerald,amethyst",manual,vocab,,,test
vocab-de-DE-v1,vocab-item-bank-de-DE,110,vocab,levante-vocabulary-dev,calendar,test_response,vocab-item-107,1,0.25,-3.7755,-4.2087,,der kalender,calendar,vocab_word_calendar,,,,,"hourglass,sundial,notebook",manual,vocab,,,test
vocab-de-DE-v1,vocab-item-bank-de-DE,111,vocab,levante-vocabulary-dev,panda,test_response,vocab-item-108,1,0.25,-4.0549,-2.4212,,der panda,panda,vocab_word_panda,,,,,"koala,pig,zebra",manual,vocab,,,test
vocab-de-DE-v1,vocab-item-bank-de-DE,112,vocab,levante-vocabulary-dev,arrow,test_response,vocab-item-109,1,0.25,-0.8274,-1.5358,,der pfeil,arrow,vocab_word_arrow,,,,,"bow,feather,stick",manual,vocab,,,test
vocab-de-DE-v1,vocab-item-bank-de-DE,113,vocab,levante-vocabulary-dev,picking,test_response,vocab-item-110,1,0.25,-2.9949,-4.3044,,pflücken,picking,vocab_word_picking,,,,,"jumping,dancing,kneading",manual,vocab,,,test
vocab-de-DE-v1,vocab-item-bank-de-DE,114,vocab,levante-vocabulary-dev,dripping,test_response,vocab-item-111,1,0.25,-2.0478,-1.8257,,tropfen ,dripping,vocab_word_dripping,,,,,"pouring,flowing,waterfall",manual,vocab,,,test
vocab-de-DE-v1,vocab-item-bank-de-DE,115,vocab,levante-vocabulary-dev,knight,test_response,vocab-item-112,1,0.25,,-4.5575,,der ritter,knight,vocab_word_knight,,,,,"malepirate,king,astronaut",manual,vocab,,,test
vocab-de-DE-v1,vocab-item-bank-de-DE,116,vocab,levante-vocabulary-dev,delivering,test_response,vocab-item-113,1,0.25,-2.0659,-2.7314,,liefern,delivering,vocab_word_delivering,,,,,"opening,building,connecting",manual,vocab,,,test
vocab-de-DE-v1,vocab-item-bank-de-DE,117,vocab,levante-vocabulary-dev,dentist,test_response,vocab-item-114,1,0.25,-2.8296,-3.1279,,der zahnarzt,dentist,vocab_word_dentist,,,,,"maledoctor,pharmacist,scientist",manual,vocab,,,test
vocab-de-DE-v1,vocab-item-bank-de-DE,119,vocab,levante-vocabulary-dev,uniform,test_response,vocab-item-116,1,0.25,-0.7776,0.2864,,die uniform,uniform,vocab_word_uniform,,,,,"costume,suit,dress",manual,vocab,,,test
vocab-de-DE-v1,vocab-item-bank-de-DE,120,vocab,levante-vocabulary-dev,furry,test_response,vocab-item-117,1,0.25,-2.5384,-1.6541,,pelzig,furry,vocab_word_furry,,,,,"hairy,fluffy,silky",manual,vocab,,,test
vocab-de-DE-v1,vocab-item-bank-de-DE,121,vocab,levante-vocabulary-dev,cormorant,test_response,vocab-item-118,1,0.25,0.2287,-0.6201,,der kormoran,cormorant,vocab_word_cormorant,,,,,"eel,narwhal,turtle",dutch,vocab,,,test
vocab-de-DE-v1,vocab-item-bank-de-DE,122,vocab,levante-vocabulary-dev,fetch,test_response,vocab-item-119,1,0.25,-1.9109,-1.0149,,bringen,fetch,vocab_word_fetch,,,,,"jump,fight,sit",dutch,vocab,,,test
vocab-de-DE-v1,vocab-item-bank-de-DE,123,vocab,levante-vocabulary-dev,arcade,test_response,vocab-item-120,1,0.25,1.1624,0.1511,,die arkade,arcade,vocab_word_arcade,,,,,"bellows,highvoltage,pier",dutch,vocab,,,test
vocab-de-DE-v1,vocab-item-bank-de-DE,124,vocab,levante-vocabulary-dev,artifact,test_response,vocab-item-121,1,0.25,-0.6754,-0.3607,,das artefakt,artifact,vocab_word_artifact,,,,,"honeycomb,crystal,herringbone",dutch,vocab,,,test
vocab-de-DE-v1,vocab-item-bank-de-DE,125,vocab,levante-vocabulary-dev,aversion,test_response,vocab-item-122,1,0.25,2.1663,-1.5291,,abneigung,aversion,vocab_word_aversion,,,,,"dull,neutral,delighted",dutch,vocab,,,test
vocab-de-DE-v1,vocab-item-bank-de-DE,126,vocab,levante-vocabulary-dev,beret,test_response,vocab-item-123,1,0.25,-0.5061,0.2919,,die baskenmütze,beret,vocab_word_beret,,,,,"hat,chefshat,safarihat",dutch,vocab,,,test
vocab-de-DE-v1,vocab-item-bank-de-DE,127,vocab,levante-vocabulary-dev,applaud,test_response,vocab-item-124,1,0.25,,-3.3748,,applaudieren,applaud,vocab_word_applaud,,,,,"yawn,stare,nurse",dutch,vocab,,,test
vocab-de-DE-v1,vocab-item-bank-de-DE,128,vocab,levante-vocabulary-dev,timid,test_response,vocab-item-125,1,0.25,2.1653,-1.5535,,schüchtern,timid,vocab_word_timid,,,,,"interested,excited,pensive",dutch,vocab,,,test
vocab-de-DE-v1,vocab-item-bank-de-DE,129,vocab,levante-vocabulary-dev,camp,test_response,vocab-item-126,1,0.25,-3.6868,-0.7415,,das lager,camp,vocab_word_camp,,,,,"march,paint,steal",dutch,vocab,,,test
vocab-de-DE-v1,vocab-item-bank-de-DE,130,vocab,levante-vocabulary-dev,tumble,test_response,vocab-item-127,1,0.25,-1.2288,-2.0875,,überschlagen,tumble,vocab_word_tumble,,,,,"applaud,chisel,scythes",dutch,vocab,,,test
vocab-de-DE-v1,vocab-item-bank-de-DE,131,vocab,levante-vocabulary-dev,concentric,test_response,vocab-item-128,1,0.25,0.2894,-0.0212,,konzentrisch,concentric,vocab_word_concentric,,,,,"oneabovetheother,smallinside,oneachother",dutch,vocab,,,test
vocab-de-DE-v1,vocab-item-bank-de-DE,133,vocab,levante-vocabulary-dev,couturier,test_response,vocab-item-130,1,0.25,2.2127,-3.2035,,der Schneider,couturier,vocab_word_couturier,,,,,"malemarketseller,matador,malestreetartist",dutch,vocab,,,test
vocab-de-DE-v1,vocab-item-bank-de-DE,134,vocab,levante-vocabulary-dev,degression,test_response,vocab-item-131,1,0.25,1.261,4.7999,,degression,degression,vocab_word_degression,,,,,"fluctuation,progression,stagnation",dutch,vocab,,,test
vocab-de-DE-v1,vocab-item-bank-de-DE,135,vocab,levante-vocabulary-dev,divan,test_response,vocab-item-132,1,0.25,,,,die Ottomane,divan,vocab_word_divan,,,,,"butterdish,handrail,lintroller",dutch,vocab,,,test
vocab-de-DE-v1,vocab-item-bank-de-DE,136,vocab,levante-vocabulary-dev,wetland,test_response,vocab-item-133,1,0.25,-1.2814,-1.0218,,das feuchtgebiet,wetland,vocab_word_wetland,,,,,"field,dune,meadow",dutch,vocab,,,test
vocab-de-DE-v1,vocab-item-bank-de-DE,137,vocab,levante-vocabulary-dev,baywindow,test_response,vocab-item-134,1,0.25,0.7852,-0.0682,,das erkerfenster,baywindow,vocab_word_baywindow,,,,,"threshhold,drapery,capital",dutch,vocab,,,test
vocab-de-DE-v1,vocab-item-bank-de-DE,138,vocab,levante-vocabulary-dev,aesthete,test_response,vocab-item-135,1,0.25,,0.5473,,die ästhetik,aesthete,vocab_word_aesthete,,,,,"bloodpressuremeasurement,philatelist,femaleresearcher",dutch,vocab,,,test
vocab-de-DE-v1,vocab-item-bank-de-DE,139,vocab,levante-vocabulary-dev,ecstatic,test_response,vocab-item-136,1,0.25,0.514,5.6431,,ekstatisch,ecstatic,vocab_word_ecstatic,,,,,"sleep,sad,tired",dutch,vocab,,,test
vocab-de-DE-v1,vocab-item-bank-de-DE,140,vocab,levante-vocabulary-dev,rickety,test_response,vocab-item-137,1,0.25,-1.7795,-1.7197,,heruntergekommen,rickety,vocab_word_rickety,,,,,"dusk,vacationhome,skyscraper",dutch,vocab,,,test
vocab-de-DE-v1,vocab-item-bank-de-DE,141,vocab,levante-vocabulary-dev,gourmet,test_response,vocab-item-138,1,0.25,-1.9157,-2.6761,,Gourmet,gourmet,vocab_word_gourmet,,,,,"archaeological,astronomical,surgical",dutch,vocab,,,test
vocab-de-DE-v1,vocab-item-bank-de-DE,142,vocab,levante-vocabulary-dev,gesticulate,test_response,vocab-item-139,1,0.25,3.6938,0.2283,,gestikulieren,gesticulate,vocab_word_gesticulate,,,,,"listen,pose,hide",dutch,vocab,,,test
vocab-de-DE-v1,vocab-item-bank-de-DE,143,vocab,levante-vocabulary-dev,facade,test_response,vocab-item-140,1,0.25,4.4412,-0.0571,,die fassade,facade,vocab_word_facade,,,,,"glacier,interior,fog",dutch,vocab,,,test
vocab-de-DE-v1,vocab-item-bank-de-DE,144,vocab,levante-vocabulary-dev,slope,test_response,vocab-item-141,1,0.25,-0.05,1.0498,,die Neigung,slope,vocab_word_slope,,,,,"gap,sky,flat",dutch,vocab,,,test
vocab-de-DE-v1,vocab-item-bank-de-DE,145,vocab,levante-vocabulary-dev,habit,test_response,vocab-item-142,1,0.25,2.1081,1.0979,,die Ordenstracht,habit,vocab_word_habit,,,,,"divinghelmet,chasuble,mail",dutch,vocab,,,test
vocab-de-DE-v1,vocab-item-bank-de-DE,146,vocab,levante-vocabulary-dev,intersection,test_response,vocab-item-143,1,0.25,-0.4879,-2.8561,,die kreuzung,intersection,vocab_word_intersection,,,,,"monastery,avenue,level",dutch,vocab,,,test
vocab-de-DE-v1,vocab-item-bank-de-DE,147,vocab,levante-vocabulary-dev,irrigation,test_response,vocab-item-144,1,0.25,1.6923,-1.2958,,die Berieselung,irrigation,vocab_word_irrigation,,,,,"hydroterm,dump,repot",dutch,vocab,,,test
vocab-de-DE-v1,vocab-item-bank-de-DE,148,vocab,levante-vocabulary-dev,kazoo,test_response,vocab-item-145,1,0.25,-0.6981,1.9086,,das kazoo,kazoo,vocab_word_kazoo,,,,,"cabasa,mandolin,rainstick",dutch,vocab,,,test
vocab-de-DE-v1,vocab-item-bank-de-DE,149,vocab,levante-vocabulary-dev,chat,test_response,vocab-item-146,1,0.25,-3.196,-3.9956,,plaudern ,chat,vocab_word_chat,,,,,"mountaineering,horseriding,referee",dutch,vocab,,,test
vocab-de-DE-v1,vocab-item-bank-de-DE,150,vocab,levante-vocabulary-dev,colony,test_response,vocab-item-147,1,0.25,,0.5964,,die kolonie,colony,vocab_word_colony,,,,,"herd,pack,school",dutch,vocab,,,test
vocab-de-DE-v1,vocab-item-bank-de-DE,151,vocab,levante-vocabulary-dev,preserve,test_response,vocab-item-148,1,0.25,-0.6314,-2.6774,,einmachen,preserve,vocab_word_preserve,,,,,"grilling,heels,peel",dutch,vocab,,,test
vocab-de-DE-v1,vocab-item-bank-de-DE,152,vocab,levante-vocabulary-dev,awning,test_response,vocab-item-149,1,0.25,-1.3186,-3.983,,die Markise,awning,vocab_word_awning,,,,,"lighter,pouch,folder",dutch,vocab,,,test
vocab-de-DE-v1,vocab-item-bank-de-DE,153,vocab,levante-vocabulary-dev,mammalogy,test_response,vocab-item-150,1,0.25,2.5801,-1.138,,säugetierkunde,mammalogy,vocab_word_mammalogy,,,,,"entomology,herpetology,ichthyology",dutch,vocab,,,test
vocab-de-DE-v1,vocab-item-bank-de-DE,154,vocab,levante-vocabulary-dev,metronome,test_response,vocab-item-151,1,0.25,1.0115,0.9213,,das metronom,metronome,vocab_word_metronome,,,,,"electricitymeter,protractor,voltmeter",dutch,vocab,,,test
vocab-de-DE-v1,vocab-item-bank-de-DE,155,vocab,levante-vocabulary-dev,paleontologist,test_response,vocab-item-152,1,0.25,-0.6156,0.0848,,paläontologe,paleontologist,vocab_word_paleontologist,,,,,"labtechnician,surveyor,roadworker",dutch,vocab,,,test
vocab-de-DE-v1,vocab-item-bank-de-DE,156,vocab,levante-vocabulary-dev,percussion,test_response,vocab-item-153,1,0.25,1.9276,1.2822,,die perkussion,percussion,vocab_word_percussion,,,,,"accordion,cello,musicstand",dutch,vocab,,,test
vocab-de-DE-v1,vocab-item-bank-de-DE,157,vocab,levante-vocabulary-dev,posterior,test_response,vocab-item-154,1,0.25,1.2671,-1.8016,,hinten,posterior,vocab_word_posterior,,,,,"frontal,inferior,lateral",dutch,vocab,,,test
vocab-de-DE-v1,vocab-item-bank-de-DE,158,vocab,levante-vocabulary-dev,precarious,test_response,vocab-item-155,1,0.25,0.9546,3.7206,,bedenklich,precarious,vocab_word_precarious,,,,,"cheerful,taiqi,readaloud",dutch,vocab,,,test
vocab-de-DE-v1,vocab-item-bank-de-DE,159,vocab,levante-vocabulary-dev,arbor,test_response,vocab-item-156,1,0.25,1.4844,-1.3381,,der Pavillon,arbor,vocab_word_arbor,,,,,"castle,barn,tipi",dutch,vocab,,,test
vocab-de-DE-v1,vocab-item-bank-de-DE,160,vocab,levante-vocabulary-dev,resuscitation,test_response,vocab-item-157,1,0.25,0.766,-2.6043,,die Reanimation,resuscitation,vocab_word_resuscitation,,,,,"breathing,pipetting,measurevolts",dutch,vocab,,,test
vocab-de-DE-v1,vocab-item-bank-de-DE,161,vocab,levante-vocabulary-dev,rosette,test_response,vocab-item-158,1,0.25,0.3278,1.4345,,die rosette,rosette,vocab_word_rosette,,,,,"brooch,manholecover,roseball",dutch,vocab,,,test
vocab-de-DE-v1,vocab-item-bank-de-DE,162,vocab,levante-vocabulary-dev,saffron,test_response,vocab-item-159,1,0.25,1.8776,-0.1117,,der safran,saffron,vocab_word_saffron,,,,,"cinnamon,clove,staranise",dutch,vocab,,,test
vocab-de-DE-v1,vocab-item-bank-de-DE,163,vocab,levante-vocabulary-dev,mischievous,test_response,vocab-item-160,1,0.25,0.2874,1.1121,,schelmisch,mischievous,vocab_word_mischievous,,,,,"irritated,headaches,suprised",dutch,vocab,,,test
vocab-de-DE-v1,vocab-item-bank-de-DE,164,vocab,levante-vocabulary-dev,skimmer,test_response,vocab-item-161,1,0.25,4.5504,0.8139,,der abschäumer,skimmer,vocab_word_skimmer,,,,,"pastaspoon,spatula,strainer",dutch,vocab,,,test
vocab-de-DE-v1,vocab-item-bank-de-DE,165,vocab,levante-vocabulary-dev,sedentary,test_response,vocab-item-162,1,0.25,1.3989,-2.9498,,kontemplativ,sedentary,vocab_word_sedentary,,,,,"proposal,effort,tripod",dutch,vocab,,,test
vocab-de-DE-v1,vocab-item-bank-de-DE,166,vocab,levante-vocabulary-dev,suede,test_response,vocab-item-163,1,0.25,,-2.2933,,der Velours,suede,vocab_word_suede,,,,,"jeans,cotton,silk",dutch,vocab,,,test
vocab-de-DE-v1,vocab-item-bank-de-DE,167,vocab,levante-vocabulary-dev,turnstile,test_response,vocab-item-164,1,0.25,,-0.2493,,das Drehkreuz,turnstile,vocab_word_turnstile,,,,,"wiper,scalpel,weathervane",dutch,vocab,,,test
vocab-de-DE-v1,vocab-item-bank-de-DE,168,vocab,levante-vocabulary-dev,triad,test_response,vocab-item-165,1,0.25,2.1904,1.2383,,die triade,triad,vocab_word_triad,,,,,"duo,myriad,quartet",dutch,vocab,,,test
vocab-de-DE-v1,vocab-item-bank-de-DE,169,vocab,levante-vocabulary-dev,dredging,test_response,vocab-item-166,1,0.25,1.8884,6.2123,,ausbaggern,dredging,vocab_word_dredging,,,,,"mow,deforestation,saltextraction",dutch,vocab,,,test
vocab-de-DE-v1,vocab-item-bank-de-DE,170,vocab,levante-vocabulary-dev,urban,test_response,vocab-item-167,1,0.25,2.9118,-3.118,,urban,urban,vocab_word_urban,,,,,"village,maritime,rural",dutch,vocab,,,test
vocab-de-DE-v1,vocab-item-bank-de-DE,171,vocab,levante-vocabulary-dev,steam,test_response,vocab-item-168,1,0.25,-1.4323,-2.4658,,der dampf,steam,vocab_word_steam,,,,,"pottery,rust,blacksmith",dutch,vocab,,,test
vocab-de-DE-v1,vocab-item-bank-de-DE,172,vocab,levante-vocabulary-dev,vertebra,test_response,vocab-item-169,1,0.25,1.1865,0.302,,der wirbel,vertebra,vocab_word_vertebra,,,,,"leg,hip,skull",dutch,vocab,,,test
vocab-de-DE-v1,vocab-item-bank-de-DE,173,vocab,levante-vocabulary-dev,bandage,test_response,vocab-item-170,1,0.25,-3.1142,-2.5767,,der verband,bandage,vocab_word_bandage,,,,,"stretcher,bagbinder,mop",dutch,vocab,,,test
