corpus_item_id,sheet_row,corpus_link,corpus_id,corpus_file_name,task_link,task_id,task_dir,item_id,task,answer,assessment_stage,audio_file (old),audio_file link,block_index,chance_level,d,difficulty_old,image,item,item_link,item_uid,orig_item_num,prompt,randomize,required_selections,response_alternatives,source,time_limit,trial_num,trial_type,audio_file,row,item_uid sheet,a,g,u,trial_attributes,notes,form_construct,num_cards,num_dimensions,Last Modified,item_uid_check,item_key,group,entry,item_uid_temp,task_id_temp,corpus_id_temp,item_task (from item_link),tom_scenario,task_item_link,corpus_short_name,downex,registry_parameters (from item_link),corpus_registry_version,inferred_parameters,difficulty_inferred,difficulty,discrimination,block_threshold,last_modified,corpus_language,registry_parameter_helper,registry_parameter,discrimination_registry,difficulty_registry,item_uid_language,corpus_active,story_group
mrot-v2 Rn-000,mental-rotation-v2_1,mental-rotation-v2,mental-rotation-v2,mental-rotation-item-bank,mental-rotation,mental-rotation,levante-shape-rotation-dev,Rn-000,Mental Rotation,Rn-000-silh,practice_response,mental-rotation-prompt2,mental-rotation-prompt2,1,0.50,,,,Rn-000,,,2,Choose the picture that matches this one.,,,"Rp-000-silh,Rn-000-silh",2d-rabbit,5000,,2D,mental-rotation-prompt2,1,,,,,,,,,,6/25/2026 10:10am,1,"2D Rn-000 Rn-000-silh Rp-000-silh,Rn-000-silh",,,,,,,,Rn-000,mrot-v2,,,v1_6,,,,,,6/25/2026 10:10am,,,,,,,1 checked out of 1,
mrot-v2 Rp-000,mental-rotation-v2_2,mental-rotation-v2,mental-rotation-v2,mental-rotation-item-bank,mental-rotation,mental-rotation,levante-shape-rotation-dev,Rp-000,Mental Rotation,Rp-000-silh,practice_response,mental-rotation-prompt1,mental-rotation-prompt1,1,0.50,,,,Rp-000,,,3,Choose the matching picture.,,,"Rp-000-silh,Rn-000-silh",2d-rabbit,5000,,2D,mental-rotation-prompt1,2,,,,,,,,,,6/25/2026 10:11am,1,"2D Rp-000 Rp-000-silh Rp-000-silh,Rn-000-silh",,,,,mental-rotation-v2,,,Rp-000,mrot-v2,,,v1_6,,,,,,6/25/2026 10:11am,,,,,,,1 checked out of 1,
mrot-v2 Rp-010,mental-rotation-v2_3,mental-rotation-v2,mental-rotation-v2,mental-rotation-item-bank,mental-rotation,mental-rotation,levante-shape-rotation-dev,Rp-010,Mental Rotation,Rp-000-silh,practice_response,mental-rotation-prompt1,mental-rotation-prompt1,1,0.50,,,,Rp-010,,,,Choose the matching picture.,,,"Rp-000-silh,Rn-000-silh",2d-rabbit,5000,,2D,mental-rotation-prompt1,3,,,,,,,,,,6/25/2026 10:11am,1,"2D Rp-010 Rp-000-silh Rp-000-silh,Rn-000-silh",,,,,,,,Rp-010,mrot-v2,,,v1_6,,,,,,6/25/2026 10:11am,,,,,,,1 checked out of 1,
mrot-v2 Rn-010,mental-rotation-v2_4,mental-rotation-v2,mental-rotation-v2,mental-rotation-item-bank,mental-rotation,mental-rotation,levante-shape-rotation-dev,Rn-010,Mental Rotation,Rn-000-silh,practice_response,mental-rotation-prompt1,mental-rotation-prompt1,1,0.50,,,,Rn-010,,,,Choose the matching picture.,,,"Rp-000-silh,Rn-000-silh",2d-rabbit,5000,,2D,mental-rotation-prompt1,4,,,,,,,,,,6/25/2026 10:11am,1,"2D Rn-010 Rn-000-silh Rp-000-silh,Rn-000-silh",,,,,,,,Rn-010,mrot-v2,,,v1_6,,,,,,6/25/2026 10:11am,,,,,,,1 checked out of 1,
mrot-v2 Rp-020,mental-rotation-v2_5,mental-rotation-v2,mental-rotation-v2,mental-rotation-item-bank,mental-rotation,mental-rotation,levante-shape-rotation-dev,Rp-020,Mental Rotation,Rp-000-silh,test_response,mental-rotation-prompt1,mental-rotation-prompt1,1,0.50,,-3.01442370,,Rp-020,mrot_2d_rabbit_020,mrot_2d_rabbit_020,4,Choose the matching picture.,,,"Rp-000-silh,Rn-000-silh",2d-rabbit,5000,,2D,mental-rotation-prompt1,5,,,,,,,,,,6/25/2026 10:11am,0,"2D Rp-020 Rp-000-silh Rp-000-silh,Rn-000-silh",2d,rabbit_020,,,,mrot,,Rp-020,mrot-v2,,mrot_2d_rabbit_020 v1_6 ,v1_6,,,-4.7700,1,,6/25/2026 10:11am,,mrot_2d_rabbit_020 v1_6 ,mrot_2d_rabbit_020 v1_6 ,1.000,-4.770,mrot_2d_rabbit_020,1 checked out of 1,
mrot-v2 Rn-040,mental-rotation-v2_6,mental-rotation-v2,mental-rotation-v2,mental-rotation-item-bank,mental-rotation,mental-rotation,levante-shape-rotation-dev,Rn-040,Mental Rotation,Rn-000-silh,test_response,mental-rotation-prompt1,mental-rotation-prompt1,1,0.50,,-3.36928950,,Rn-040,mrot_2d_rabbit_040,mrot_2d_rabbit_040,6,Choose the matching picture.,,,"Rp-000-silh,Rn-000-silh",2d-rabbit,5000,,2D,mental-rotation-prompt1,6,,,,,,,,,,6/25/2026 10:11am,0,"2D Rn-040 Rn-000-silh Rp-000-silh,Rn-000-silh",2d,rabbit_040,,,,mrot,,Rn-040,mrot-v2,,mrot_2d_rabbit_040 v1_6 ,v1_6,,,-4.3119,1,,6/25/2026 10:11am,,mrot_2d_rabbit_040 v1_6 ,mrot_2d_rabbit_040 v1_6 ,1.000,-4.312,mrot_2d_rabbit_040,1 checked out of 1,
mrot-v2 Rp-040,mental-rotation-v2_7,mental-rotation-v2,mental-rotation-v2,mental-rotation-item-bank,mental-rotation,mental-rotation,levante-shape-rotation-dev,Rp-040,Mental Rotation,Rp-000-silh,test_response,mental-rotation-prompt1,mental-rotation-prompt1,1,0.50,,-3.77299380,,Rp-040,mrot_2d_rabbit_040,mrot_2d_rabbit_040,7,Choose the matching picture.,,,"Rp-000-silh,Rn-000-silh",2d-rabbit,5000,,2D,mental-rotation-prompt1,7,,,,,,,,,,6/25/2026 10:11am,0,"2D Rp-040 Rp-000-silh Rp-000-silh,Rn-000-silh",2d,rabbit_040,,,,mrot,,Rp-040,mrot-v2,,mrot_2d_rabbit_040 v1_6 ,v1_6,,,-4.3119,1,,6/25/2026 10:11am,,mrot_2d_rabbit_040 v1_6 ,mrot_2d_rabbit_040 v1_6 ,1.000,-4.312,mrot_2d_rabbit_040,1 checked out of 1,
mrot-v2 Rn-020,mental-rotation-v2_8,mental-rotation-v2,mental-rotation-v2,mental-rotation-item-bank,mental-rotation,mental-rotation,levante-shape-rotation-dev,Rn-020,Mental Rotation,Rn-000-silh,test_response,mental-rotation-prompt1,mental-rotation-prompt1,1,0.50,,-3.18193780,,Rn-020,mrot_2d_rabbit_020,mrot_2d_rabbit_020,5,Choose the matching picture.,,,"Rp-000-silh,Rn-000-silh",2d-rabbit,5000,,2D,mental-rotation-prompt1,8,,,,,,,,,,6/25/2026 10:11am,0,"2D Rn-020 Rn-000-silh Rp-000-silh,Rn-000-silh",2d,rabbit_020,,,,mrot,,Rn-020,mrot-v2,,mrot_2d_rabbit_020 v1_6 ,v1_6,,,-4.7700,1,,6/25/2026 10:11am,,mrot_2d_rabbit_020 v1_6 ,mrot_2d_rabbit_020 v1_6 ,1.000,-4.770,mrot_2d_rabbit_020,1 checked out of 1,
mrot-v2 Rp-080,mental-rotation-v2_9,mental-rotation-v2,mental-rotation-v2,mental-rotation-item-bank,mental-rotation,mental-rotation,levante-shape-rotation-dev,Rp-080,Mental Rotation,Rp-000-silh,test_response,mental-rotation-prompt1,mental-rotation-prompt1,1,0.50,,-1.92877760,,Rp-080,mrot_2d_rabbit_080,mrot_2d_rabbit_080,8,Choose the matching picture.,,,"Rp-000-silh,Rn-000-silh",2d-rabbit,5000,,2D,mental-rotation-prompt1,9,,,,,,,,,,6/25/2026 10:11am,0,"2D Rp-080 Rp-000-silh Rp-000-silh,Rn-000-silh",2d,rabbit_080,,,,mrot,,Rp-080,mrot-v2,,mrot_2d_rabbit_080 v1_6 ,v1_6,,,-3.2564,1,,6/25/2026 10:11am,,mrot_2d_rabbit_080 v1_6 ,mrot_2d_rabbit_080 v1_6 ,1.000,-3.256,mrot_2d_rabbit_080,1 checked out of 1,
mrot-v2 Rp-120,mental-rotation-v2_10,mental-rotation-v2,mental-rotation-v2,mental-rotation-item-bank,mental-rotation,mental-rotation,levante-shape-rotation-dev,Rp-120,Mental Rotation,Rp-000-silh,test_response,mental-rotation-prompt1,mental-rotation-prompt1,1,0.50,,1.02125816,,Rp-120,mrot_2d_rabbit_120,mrot_2d_rabbit_120,10,Choose the matching picture.,,,"Rp-000-silh,Rn-000-silh",2d-rabbit,5000,,2D,mental-rotation-prompt1,10,,,,,,,,,,6/25/2026 10:11am,0,"2D Rp-120 Rp-000-silh Rp-000-silh,Rn-000-silh",2d,rabbit_120,,,,mrot,,Rp-120,mrot-v2,,mrot_2d_rabbit_120 v1_6 ,v1_6,,,-2.0060,1,,6/25/2026 10:11am,,mrot_2d_rabbit_120 v1_6 ,mrot_2d_rabbit_120 v1_6 ,1.000,-2.006,mrot_2d_rabbit_120,1 checked out of 1,
mrot-v2 Rp-160,mental-rotation-v2_11,mental-rotation-v2,mental-rotation-v2,mental-rotation-item-bank,mental-rotation,mental-rotation,levante-shape-rotation-dev,Rp-160,Mental Rotation,Rp-000-silh,test_response,mental-rotation-prompt1,mental-rotation-prompt1,1,0.50,,1.22503478,,Rp-160,mrot_2d_rabbit_160,mrot_2d_rabbit_160,12,Choose the matching picture.,,,"Rp-000-silh,Rn-000-silh",2d-rabbit,5000,,2D,mental-rotation-prompt1,11,,,,,,,,,,6/25/2026 10:11am,0,"2D Rp-160 Rp-000-silh Rp-000-silh,Rn-000-silh",2d,rabbit_160,,,,mrot,,Rp-160,mrot-v2,,mrot_2d_rabbit_160 v1_6 ,v1_6,,,-1.1299,1,,6/25/2026 10:11am,,mrot_2d_rabbit_160 v1_6 ,mrot_2d_rabbit_160 v1_6 ,1.000,-1.130,mrot_2d_rabbit_160,1 checked out of 1,
mrot-v2 Rn-120,mental-rotation-v2_12,mental-rotation-v2,mental-rotation-v2,mental-rotation-item-bank,mental-rotation,mental-rotation,levante-shape-rotation-dev,Rn-120,Mental Rotation,Rn-000-silh,test_response,mental-rotation-prompt1,mental-rotation-prompt1,1,0.50,,1.24789706,,Rn-120,mrot_2d_rabbit_120,mrot_2d_rabbit_120,11,Choose the matching picture.,,,"Rp-000-silh,Rn-000-silh",2d-rabbit,5000,,2D,mental-rotation-prompt1,12,,,,,,,,,,6/25/2026 10:11am,0,"2D Rn-120 Rn-000-silh Rp-000-silh,Rn-000-silh",2d,rabbit_120,,,,mrot,,Rn-120,mrot-v2,,mrot_2d_rabbit_120 v1_6 ,v1_6,,,-2.0060,1,,6/25/2026 10:11am,,mrot_2d_rabbit_120 v1_6 ,mrot_2d_rabbit_120 v1_6 ,1.000,-2.006,mrot_2d_rabbit_120,1 checked out of 1,
mrot-v2 Rp-200,mental-rotation-v2_13,mental-rotation-v2,mental-rotation-v2,mental-rotation-item-bank,mental-rotation,mental-rotation,levante-shape-rotation-dev,Rp-200,Mental Rotation,Rp-000-silh,test_response,mental-rotation-prompt1,mental-rotation-prompt1,1,0.50,,2.76733774,,Rp-200,mrot_2d_rabbit_160,mrot_2d_rabbit_160,14,Choose the matching picture.,,,"Rp-000-silh,Rn-000-silh",2d-rabbit,5000,,2D,mental-rotation-prompt1,13,,,,,,,,,,6/25/2026 10:11am,0,"2D Rp-200 Rp-000-silh Rp-000-silh,Rn-000-silh",2d,rabbit_160,,,,mrot,,Rp-200,mrot-v2,,mrot_2d_rabbit_160 v1_6 ,v1_6,,,-1.1299,1,,6/25/2026 10:11am,,mrot_2d_rabbit_160 v1_6 ,mrot_2d_rabbit_160 v1_6 ,1.000,-1.130,mrot_2d_rabbit_160,1 checked out of 1,
mrot-v2 Rn-160,mental-rotation-v2_14,mental-rotation-v2,mental-rotation-v2,mental-rotation-item-bank,mental-rotation,mental-rotation,levante-shape-rotation-dev,Rn-160,Mental Rotation,Rn-000-silh,test_response,mental-rotation-prompt1,mental-rotation-prompt1,1,0.50,,2.86886812,,Rn-160,mrot_2d_rabbit_160,mrot_2d_rabbit_160,13,Choose the matching picture.,,,"Rp-000-silh,Rn-000-silh",2d-rabbit,5000,,2D,mental-rotation-prompt1,14,,,,,,,,,,6/25/2026 10:11am,0,"2D Rn-160 Rn-000-silh Rp-000-silh,Rn-000-silh",2d,rabbit_160,,,,mrot,,Rn-160,mrot-v2,,mrot_2d_rabbit_160 v1_6 ,v1_6,,,-1.1299,1,,6/25/2026 10:11am,,mrot_2d_rabbit_160 v1_6 ,mrot_2d_rabbit_160 v1_6 ,1.000,-1.130,mrot_2d_rabbit_160,1 checked out of 1,
mrot-v2 Rn-080,mental-rotation-v2_15,mental-rotation-v2,mental-rotation-v2,mental-rotation-item-bank,mental-rotation,mental-rotation,levante-shape-rotation-dev,Rn-080,Mental Rotation,Rn-000-silh,test_response,mental-rotation-prompt1,mental-rotation-prompt1,1,0.50,,0.50163624,,Rn-080,mrot_2d_rabbit_080,mrot_2d_rabbit_080,9,Choose the matching picture.,,,"Rp-000-silh,Rn-000-silh",2d-rabbit,5000,,2D,mental-rotation-prompt1,15,,,,,,,,,,6/25/2026 10:11am,0,"2D Rn-080 Rn-000-silh Rp-000-silh,Rn-000-silh",2d,rabbit_080,,,,mrot,,Rn-080,mrot-v2,,mrot_2d_rabbit_080 v1_6 ,v1_6,,,-3.2564,1,,6/25/2026 10:11am,,mrot_2d_rabbit_080 v1_6 ,mrot_2d_rabbit_080 v1_6 ,1.000,-3.256,mrot_2d_rabbit_080,1 checked out of 1,
mrot-v2 Rp-120,mental-rotation-v2_16,mental-rotation-v2,mental-rotation-v2,mental-rotation-item-bank,mental-rotation,mental-rotation,levante-shape-rotation-dev,Rp-120,Mental Rotation,Rp-000-silh,test_response,mental-rotation-prompt1,mental-rotation-prompt1,1,0.50,,1.02125816,,Rp-120,mrot_2d_rabbit_120,mrot_2d_rabbit_120,10,Choose the matching picture.,,,"Rp-000-silh,Rn-000-silh",2d-rabbit,5000,,2D,mental-rotation-prompt1,16,,,,,,,,,,6/25/2026 10:11am,0,"2D Rp-120 Rp-000-silh Rp-000-silh,Rn-000-silh",2d,rabbit_120,,,,mrot,,Rp-120,mrot-v2,,mrot_2d_rabbit_120 v1_6 ,v1_6,,,-2.0060,1,,6/25/2026 10:11am,,mrot_2d_rabbit_120 v1_6 ,mrot_2d_rabbit_120 v1_6 ,1.000,-2.006,mrot_2d_rabbit_120,1 checked out of 1,
mrot-v2 Rp-160,mental-rotation-v2_17,mental-rotation-v2,mental-rotation-v2,mental-rotation-item-bank,mental-rotation,mental-rotation,levante-shape-rotation-dev,Rp-160,Mental Rotation,Rp-000-silh,test_response,mental-rotation-prompt1,mental-rotation-prompt1,1,0.50,,1.22503478,,Rp-160,mrot_2d_rabbit_160,mrot_2d_rabbit_160,12,Choose the matching picture.,,,"Rp-000-silh,Rn-000-silh",2d-rabbit,5000,,2D,mental-rotation-prompt1,17,,,,,,,,,,6/25/2026 10:11am,0,"2D Rp-160 Rp-000-silh Rp-000-silh,Rn-000-silh",2d,rabbit_160,,,,mrot,,Rp-160,mrot-v2,,mrot_2d_rabbit_160 v1_6 ,v1_6,,,-1.1299,1,,6/25/2026 10:11am,,mrot_2d_rabbit_160 v1_6 ,mrot_2d_rabbit_160 v1_6 ,1.000,-1.130,mrot_2d_rabbit_160,1 checked out of 1,
mrot-v2 Rn-120,mental-rotation-v2_18,mental-rotation-v2,mental-rotation-v2,mental-rotation-item-bank,mental-rotation,mental-rotation,levante-shape-rotation-dev,Rn-120,Mental Rotation,Rn-000-silh,test_response,mental-rotation-prompt1,mental-rotation-prompt1,1,0.50,,1.24789706,,Rn-120,mrot_2d_rabbit_120,mrot_2d_rabbit_120,11,Choose the matching picture.,,,"Rp-000-silh,Rn-000-silh",2d-rabbit,5000,,2D,mental-rotation-prompt1,18,,,,,,,,,,6/25/2026 10:11am,0,"2D Rn-120 Rn-000-silh Rp-000-silh,Rn-000-silh",2d,rabbit_120,,,,mrot,,Rn-120,mrot-v2,,mrot_2d_rabbit_120 v1_6 ,v1_6,,,-2.0060,1,,6/25/2026 10:11am,,mrot_2d_rabbit_120 v1_6 ,mrot_2d_rabbit_120 v1_6 ,1.000,-2.006,mrot_2d_rabbit_120,1 checked out of 1,
mrot-v2 Rn-160,mental-rotation-v2_19,mental-rotation-v2,mental-rotation-v2,mental-rotation-item-bank,mental-rotation,mental-rotation,levante-shape-rotation-dev,Rn-160,Mental Rotation,Rn-000-silh,test_response,mental-rotation-prompt1,mental-rotation-prompt1,1,0.50,,2.86886812,,Rn-160,mrot_2d_rabbit_160,mrot_2d_rabbit_160,13,Choose the matching picture.,,,"Rp-000-silh,Rn-000-silh",2d-rabbit,5000,,2D,mental-rotation-prompt1,19,,,,,,,,,,6/25/2026 10:11am,0,"2D Rn-160 Rn-000-silh Rp-000-silh,Rn-000-silh",2d,rabbit_160,,,,mrot,,Rn-160,mrot-v2,,mrot_2d_rabbit_160 v1_6 ,v1_6,,,-1.1299,1,,6/25/2026 10:11am,,mrot_2d_rabbit_160 v1_6 ,mrot_2d_rabbit_160 v1_6 ,1.000,-1.130,mrot_2d_rabbit_160,1 checked out of 1,
mrot-v2 Rn-200,mental-rotation-v2_20,mental-rotation-v2,mental-rotation-v2,mental-rotation-item-bank,mental-rotation,mental-rotation,levante-shape-rotation-dev,Rn-200,Mental Rotation,Rn-000-silh,test_response,mental-rotation-prompt1,mental-rotation-prompt1,1,0.50,,3.32249883,,Rn-200,mrot_2d_rabbit_160,mrot_2d_rabbit_160,15,Choose the matching picture.,,,"Rp-000-silh,Rn-000-silh",2d-rabbit,5000,,2D,mental-rotation-prompt1,20,,,,,,,,,,6/25/2026 10:11am,0,"2D Rn-200 Rn-000-silh Rp-000-silh,Rn-000-silh",2d,rabbit_160,,,,mrot,,Rn-200,mrot-v2,,mrot_2d_rabbit_160 v1_6 ,v1_6,,,-1.1299,1,,6/25/2026 10:11am,,mrot_2d_rabbit_160 v1_6 ,mrot_2d_rabbit_160 v1_6 ,1.000,-1.130,mrot_2d_rabbit_160,1 checked out of 1,
mrot-v2 Rp-200,mental-rotation-v2_21,mental-rotation-v2,mental-rotation-v2,mental-rotation-item-bank,mental-rotation,mental-rotation,levante-shape-rotation-dev,Rp-200,Mental Rotation,Rp-000-silh,test_response,mental-rotation-prompt1,mental-rotation-prompt1,1,0.50,,2.76733774,,Rp-200,mrot_2d_rabbit_160,mrot_2d_rabbit_160,14,Choose the matching picture.,,,"Rp-000-silh,Rn-000-silh",2d-rabbit,5000,,2D,mental-rotation-prompt1,21,,,,,,,,,,6/25/2026 10:11am,0,"2D Rp-200 Rp-000-silh Rp-000-silh,Rn-000-silh",2d,rabbit_160,,,,mrot,,Rp-200,mrot-v2,,mrot_2d_rabbit_160 v1_6 ,v1_6,,,-1.1299,1,,6/25/2026 10:11am,,mrot_2d_rabbit_160 v1_6 ,mrot_2d_rabbit_160 v1_6 ,1.000,-1.130,mrot_2d_rabbit_160,1 checked out of 1,
mrot-v2 Rp-240,mental-rotation-v2_22,mental-rotation-v2,mental-rotation-v2,mental-rotation-item-bank,mental-rotation,mental-rotation,levante-shape-rotation-dev,Rp-240,Mental Rotation,Rp-000-silh,test_response,mental-rotation-prompt1,mental-rotation-prompt1,1,0.50,,1.34915150,,Rp-240,mrot_2d_rabbit_120,mrot_2d_rabbit_120,16,Choose the matching picture.,,,"Rp-000-silh,Rn-000-silh",2d-rabbit,5000,,2D,mental-rotation-prompt1,22,,,,,,,,,,6/25/2026 10:11am,0,"2D Rp-240 Rp-000-silh Rp-000-silh,Rn-000-silh",2d,rabbit_120,,,,mrot,,Rp-240,mrot-v2,,mrot_2d_rabbit_120 v1_6 ,v1_6,,,-2.0060,1,,6/25/2026 10:11am,,mrot_2d_rabbit_120 v1_6 ,mrot_2d_rabbit_120 v1_6 ,1.000,-2.006,mrot_2d_rabbit_120,1 checked out of 1,
mrot-v2 Rn-200,mental-rotation-v2_23,mental-rotation-v2,mental-rotation-v2,mental-rotation-item-bank,mental-rotation,mental-rotation,levante-shape-rotation-dev,Rn-200,Mental Rotation,Rn-000-silh,test_response,mental-rotation-prompt1,mental-rotation-prompt1,1,0.50,,3.32249883,,Rn-200,mrot_2d_rabbit_160,mrot_2d_rabbit_160,15,Choose the matching picture.,,,"Rp-000-silh,Rn-000-silh",2d-rabbit,5000,,2D,mental-rotation-prompt1,23,,,,,,,,,,6/25/2026 10:11am,0,"2D Rn-200 Rn-000-silh Rp-000-silh,Rn-000-silh",2d,rabbit_160,,,,mrot,,Rn-200,mrot-v2,,mrot_2d_rabbit_160 v1_6 ,v1_6,,,-1.1299,1,,6/25/2026 10:11am,,mrot_2d_rabbit_160 v1_6 ,mrot_2d_rabbit_160 v1_6 ,1.000,-1.130,mrot_2d_rabbit_160,1 checked out of 1,
mrot-v2 Rn-240,mental-rotation-v2_24,mental-rotation-v2,mental-rotation-v2,mental-rotation-item-bank,mental-rotation,mental-rotation,levante-shape-rotation-dev,Rn-240,Mental Rotation,Rn-000-silh,test_response,mental-rotation-prompt1,mental-rotation-prompt1,1,0.50,,1.45706103,,Rn-240,mrot_2d_rabbit_120,mrot_2d_rabbit_120,17,Choose the matching picture.,,,"Rp-000-silh,Rn-000-silh",2d-rabbit,5000,,2D,mental-rotation-prompt1,24,,,,,,,,,,6/25/2026 10:11am,0,"2D Rn-240 Rn-000-silh Rp-000-silh,Rn-000-silh",2d,rabbit_120,,,,mrot,,Rn-240,mrot-v2,,mrot_2d_rabbit_120 v1_6 ,v1_6,,,-2.0060,1,,6/25/2026 10:11am,,mrot_2d_rabbit_120 v1_6 ,mrot_2d_rabbit_120 v1_6 ,1.000,-2.006,mrot_2d_rabbit_120,1 checked out of 1,
mrot-v2 Rp-280,mental-rotation-v2_25,mental-rotation-v2,mental-rotation-v2,mental-rotation-item-bank,mental-rotation,mental-rotation,levante-shape-rotation-dev,Rp-280,Mental Rotation,Rp-000-silh,test_response,mental-rotation-prompt1,mental-rotation-prompt1,1,0.50,,-0.43119730,,Rp-280,mrot_2d_rabbit_080,mrot_2d_rabbit_080,18,Choose the matching picture.,,,"Rp-000-silh,Rn-000-silh",2d-rabbit,5000,,2D,mental-rotation-prompt1,25,,,,,,,,,,6/25/2026 10:11am,0,"2D Rp-280 Rp-000-silh Rp-000-silh,Rn-000-silh",2d,rabbit_080,,,,mrot,,Rp-280,mrot-v2,,mrot_2d_rabbit_080 v1_6 ,v1_6,,,-3.2564,1,,6/25/2026 10:11am,,mrot_2d_rabbit_080 v1_6 ,mrot_2d_rabbit_080 v1_6 ,1.000,-3.256,mrot_2d_rabbit_080,1 checked out of 1,
mrot-v2 Rp-320,mental-rotation-v2_26,mental-rotation-v2,mental-rotation-v2,mental-rotation-item-bank,mental-rotation,mental-rotation,levante-shape-rotation-dev,Rp-320,Mental Rotation,Rp-000-silh,test_response,mental-rotation-prompt1,mental-rotation-prompt1,1,0.50,,0.44120387,,Rp-320,mrot_2d_rabbit_040,mrot_2d_rabbit_040,20,Choose the matching picture.,,,"Rp-000-silh,Rn-000-silh",2d-rabbit,5000,,2D,mental-rotation-prompt1,26,,,,,,,,,,6/25/2026 10:11am,0,"2D Rp-320 Rp-000-silh Rp-000-silh,Rn-000-silh",2d,rabbit_040,,,,mrot,,Rp-320,mrot-v2,,mrot_2d_rabbit_040 v1_6 ,v1_6,,,-4.3119,1,,6/25/2026 10:11am,,mrot_2d_rabbit_040 v1_6 ,mrot_2d_rabbit_040 v1_6 ,1.000,-4.312,mrot_2d_rabbit_040,1 checked out of 1,
mrot-v2 Rn-280,mental-rotation-v2_27,mental-rotation-v2,mental-rotation-v2,mental-rotation-item-bank,mental-rotation,mental-rotation,levante-shape-rotation-dev,Rn-280,Mental Rotation,Rn-000-silh,test_response,mental-rotation-prompt1,mental-rotation-prompt1,1,0.50,,0.65330968,,Rn-280,mrot_2d_rabbit_080,mrot_2d_rabbit_080,19,Choose the matching picture.,,,"Rp-000-silh,Rn-000-silh",2d-rabbit,5000,,2D,mental-rotation-prompt1,27,,,,,,,,,,6/25/2026 10:11am,0,"2D Rn-280 Rn-000-silh Rp-000-silh,Rn-000-silh",2d,rabbit_080,,,,mrot,,Rn-280,mrot-v2,,mrot_2d_rabbit_080 v1_6 ,v1_6,,,-3.2564,1,,6/25/2026 10:11am,,mrot_2d_rabbit_080 v1_6 ,mrot_2d_rabbit_080 v1_6 ,1.000,-3.256,mrot_2d_rabbit_080,1 checked out of 1,
mrot-v2 Rn-320,mental-rotation-v2_28,mental-rotation-v2,mental-rotation-v2,mental-rotation-item-bank,mental-rotation,mental-rotation,levante-shape-rotation-dev,Rn-320,Mental Rotation,Rn-000-silh,test_response,mental-rotation-prompt1,mental-rotation-prompt1,1,0.50,,-0.55951420,,Rn-320,mrot_2d_rabbit_040,mrot_2d_rabbit_040,21,Choose the matching picture.,,,"Rp-000-silh,Rn-000-silh",2d-rabbit,5000,,2D,mental-rotation-prompt1,28,,,,,,,,,,6/25/2026 10:11am,0,"2D Rn-320 Rn-000-silh Rp-000-silh,Rn-000-silh",2d,rabbit_040,,,,mrot,,Rn-320,mrot-v2,,mrot_2d_rabbit_040 v1_6 ,v1_6,,,-4.3119,1,,6/25/2026 10:11am,,mrot_2d_rabbit_040 v1_6 ,mrot_2d_rabbit_040 v1_6 ,1.000,-4.312,mrot_2d_rabbit_040,1 checked out of 1,
mrot-v2 Dp-200,mental-rotation-v2_29,mental-rotation-v2,mental-rotation-v2,mental-rotation-item-bank,mental-rotation,mental-rotation,levante-shape-rotation-dev,Dp-200,Mental Rotation,Dp-000-silh,test_response,mental-rotation-prompt1,mental-rotation-prompt1,1,0.50,,2.50347869,,Dp-200,mrot_2d_duck_160,mrot_2d_duck_160,34,Choose the matching picture.,,,"Dp-000-silh,Dn-000-silh",2d-duck,5000,,2D,mental-rotation-prompt1,29,,,,,,,,,,6/25/2026 10:11am,0,"2D Dp-200 Dp-000-silh Dp-000-silh,Dn-000-silh",2d,duck_160,,,,mrot,,Dp-200,mrot-v2,,mrot_2d_duck_160 v1_6 ,v1_6,,,-1.3864,1,,6/25/2026 10:11am,,mrot_2d_duck_160 v1_6 ,mrot_2d_duck_160 v1_6 ,1.000,-1.386,mrot_2d_duck_160,1 checked out of 1,
mrot-v2 Dn-040,mental-rotation-v2_30,mental-rotation-v2,mental-rotation-v2,mental-rotation-item-bank,mental-rotation,mental-rotation,levante-shape-rotation-dev,Dn-040,Mental Rotation,Dn-000-silh,test_response,mental-rotation-prompt1,mental-rotation-prompt1,1,0.50,,-1.09435560,,Dn-040,mrot_2d_duck_040,mrot_2d_duck_040,26,Choose the matching picture.,,,"Dp-000-silh,Dn-000-silh",2d-duck,5000,,2D,mental-rotation-prompt1,30,,,,,,,,,,6/25/2026 10:11am,0,"2D Dn-040 Dn-000-silh Dp-000-silh,Dn-000-silh",2d,duck_040,,,,mrot,,Dn-040,mrot-v2,,mrot_2d_duck_040 v1_6 ,v1_6,,,-3.7536,1,,6/25/2026 10:11am,,mrot_2d_duck_040 v1_6 ,mrot_2d_duck_040 v1_6 ,1.000,-3.754,mrot_2d_duck_040,1 checked out of 1,
mrot-v2 Dp-120,mental-rotation-v2_31,mental-rotation-v2,mental-rotation-v2,mental-rotation-item-bank,mental-rotation,mental-rotation,levante-shape-rotation-dev,Dp-120,Mental Rotation,Dp-000-silh,test_response,mental-rotation-prompt1,mental-rotation-prompt1,1,0.50,,0.49537343,,Dp-120,mrot_2d_duck_120,mrot_2d_duck_120,30,Choose the matching picture.,,,"Dp-000-silh,Dn-000-silh",2d-duck,5000,,2D,mental-rotation-prompt1,31,,,,,,,,,,6/25/2026 10:11am,0,"2D Dp-120 Dp-000-silh Dp-000-silh,Dn-000-silh",2d,duck_120,,,,mrot,,Dp-120,mrot-v2,,mrot_2d_duck_120 v1_6 ,v1_6,,,-2.4775,1,,6/25/2026 10:11am,,mrot_2d_duck_120 v1_6 ,mrot_2d_duck_120 v1_6 ,1.000,-2.478,mrot_2d_duck_120,1 checked out of 1,
mrot-v2 Dn-080,mental-rotation-v2_32,mental-rotation-v2,mental-rotation-v2,mental-rotation-item-bank,mental-rotation,mental-rotation,levante-shape-rotation-dev,Dn-080,Mental Rotation,Dn-000-silh,test_response,mental-rotation-prompt1,mental-rotation-prompt1,1,0.50,,0.23191247,,Dn-080,mrot_2d_duck_080,mrot_2d_duck_080,29,Choose the matching picture.,,,"Dp-000-silh,Dn-000-silh",2d-duck,5000,,2D,mental-rotation-prompt1,32,,,,,,,,,,6/25/2026 10:11am,0,"2D Dn-080 Dn-000-silh Dp-000-silh,Dn-000-silh",2d,duck_080,,,,mrot,,Dn-080,mrot-v2,,mrot_2d_duck_080 v1_6 ,v1_6,,,-3.1336,1,,6/25/2026 10:11am,,mrot_2d_duck_080 v1_6 ,mrot_2d_duck_080 v1_6 ,1.000,-3.134,mrot_2d_duck_080,1 checked out of 1,
mrot-v2 Dn-160,mental-rotation-v2_33,mental-rotation-v2,mental-rotation-v2,mental-rotation-item-bank,mental-rotation,mental-rotation,levante-shape-rotation-dev,Dn-160,Mental Rotation,Dn-000-silh,test_response,mental-rotation-prompt1,mental-rotation-prompt1,1,0.50,,3.01041744,,Dn-160,mrot_2d_duck_160,mrot_2d_duck_160,33,Choose the matching picture.,,,"Dp-000-silh,Dn-000-silh",2d-duck,5000,,2D,mental-rotation-prompt1,33,,,,,,,,,,6/25/2026 10:11am,0,"2D Dn-160 Dn-000-silh Dp-000-silh,Dn-000-silh",2d,duck_160,,,,mrot,,Dn-160,mrot-v2,,mrot_2d_duck_160 v1_6 ,v1_6,,,-1.3864,1,,6/25/2026 10:11am,,mrot_2d_duck_160 v1_6 ,mrot_2d_duck_160 v1_6 ,1.000,-1.386,mrot_2d_duck_160,1 checked out of 1,
mrot-v2 Dp-040,mental-rotation-v2_34,mental-rotation-v2,mental-rotation-v2,mental-rotation-item-bank,mental-rotation,mental-rotation,levante-shape-rotation-dev,Dp-040,Mental Rotation,Dp-000-silh,test_response,mental-rotation-prompt1,mental-rotation-prompt1,1,0.50,,1.01378503,,Dp-040,mrot_2d_duck_040,mrot_2d_duck_040,27,Choose the matching picture.,,,"Dp-000-silh,Dn-000-silh",2d-duck,5000,,2D,mental-rotation-prompt1,34,,,,,,,,,,6/25/2026 10:11am,0,"2D Dp-040 Dp-000-silh Dp-000-silh,Dn-000-silh",2d,duck_040,,,,mrot,,Dp-040,mrot-v2,,mrot_2d_duck_040 v1_6 ,v1_6,,,-3.7536,1,,6/25/2026 10:11am,,mrot_2d_duck_040 v1_6 ,mrot_2d_duck_040 v1_6 ,1.000,-3.754,mrot_2d_duck_040,1 checked out of 1,
mrot-v2 Dn-200,mental-rotation-v2_35,mental-rotation-v2,mental-rotation-v2,mental-rotation-item-bank,mental-rotation,mental-rotation,levante-shape-rotation-dev,Dn-200,Mental Rotation,Dn-000-silh,test_response,mental-rotation-prompt1,mental-rotation-prompt1,1,0.50,,2.70986034,,Dn-200,mrot_2d_duck_160,mrot_2d_duck_160,35,Choose the matching picture.,,,"Dp-000-silh,Dn-000-silh",2d-duck,5000,,2D,mental-rotation-prompt1,35,,,,,,,,,,6/25/2026 10:11am,0,"2D Dn-200 Dn-000-silh Dp-000-silh,Dn-000-silh",2d,duck_160,,,,mrot,,Dn-200,mrot-v2,,mrot_2d_duck_160 v1_6 ,v1_6,,,-1.3864,1,,6/25/2026 10:11am,,mrot_2d_duck_160 v1_6 ,mrot_2d_duck_160 v1_6 ,1.000,-1.386,mrot_2d_duck_160,1 checked out of 1,
mrot-v2 Dp-080,mental-rotation-v2_36,mental-rotation-v2,mental-rotation-v2,mental-rotation-item-bank,mental-rotation,mental-rotation,levante-shape-rotation-dev,Dp-080,Mental Rotation,Dp-000-silh,test_response,mental-rotation-prompt1,mental-rotation-prompt1,1,0.50,,0.99691686,,Dp-080,mrot_2d_duck_080,mrot_2d_duck_080,28,Choose the matching picture.,,,"Dp-000-silh,Dn-000-silh",2d-duck,5000,,2D,mental-rotation-prompt1,36,,,,,,,,,,6/25/2026 10:11am,0,"2D Dp-080 Dp-000-silh Dp-000-silh,Dn-000-silh",2d,duck_080,,,,mrot,,Dp-080,mrot-v2,,mrot_2d_duck_080 v1_6 ,v1_6,,,-3.1336,1,,6/25/2026 10:11am,,mrot_2d_duck_080 v1_6 ,mrot_2d_duck_080 v1_6 ,1.000,-3.134,mrot_2d_duck_080,1 checked out of 1,
mrot-v2 Dp-120,mental-rotation-v2_37,mental-rotation-v2,mental-rotation-v2,mental-rotation-item-bank,mental-rotation,mental-rotation,levante-shape-rotation-dev,Dp-120,Mental Rotation,Dp-000-silh,test_response,mental-rotation-prompt1,mental-rotation-prompt1,1,0.50,,0.49537343,,Dp-120,mrot_2d_duck_120,mrot_2d_duck_120,30,Choose the matching picture.,,,"Dp-000-silh,Dn-000-silh",2d-duck,5000,,2D,mental-rotation-prompt1,37,,,,,,,,,,6/25/2026 10:11am,0,"2D Dp-120 Dp-000-silh Dp-000-silh,Dn-000-silh",2d,duck_120,,,,mrot,,Dp-120,mrot-v2,,mrot_2d_duck_120 v1_6 ,v1_6,,,-2.4775,1,,6/25/2026 10:11am,,mrot_2d_duck_120 v1_6 ,mrot_2d_duck_120 v1_6 ,1.000,-2.478,mrot_2d_duck_120,1 checked out of 1,
mrot-v2 Dp-160,mental-rotation-v2_38,mental-rotation-v2,mental-rotation-v2,mental-rotation-item-bank,mental-rotation,mental-rotation,levante-shape-rotation-dev,Dp-160,Mental Rotation,Dp-000-silh,test_response,mental-rotation-prompt1,mental-rotation-prompt1,1,0.50,,2.64508040,,Dp-160,mrot_2d_duck_160,mrot_2d_duck_160,32,Choose the matching picture.,,,"Dp-000-silh,Dn-000-silh",2d-duck,5000,,2D,mental-rotation-prompt1,38,,,,,,,,,,6/25/2026 10:11am,0,"2D Dp-160 Dp-000-silh Dp-000-silh,Dn-000-silh",2d,duck_160,,,,mrot,,Dp-160,mrot-v2,,mrot_2d_duck_160 v1_6 ,v1_6,,,-1.3864,1,,6/25/2026 10:11am,,mrot_2d_duck_160 v1_6 ,mrot_2d_duck_160 v1_6 ,1.000,-1.386,mrot_2d_duck_160,1 checked out of 1,
mrot-v2 Dn-120,mental-rotation-v2_39,mental-rotation-v2,mental-rotation-v2,mental-rotation-item-bank,mental-rotation,mental-rotation,levante-shape-rotation-dev,Dn-120,Mental Rotation,Dn-000-silh,test_response,mental-rotation-prompt1,mental-rotation-prompt1,1,0.50,,0.66669196,,Dn-120,mrot_2d_duck_120,mrot_2d_duck_120,31,Choose the matching picture.,,,"Dp-000-silh,Dn-000-silh",2d-duck,5000,,2D,mental-rotation-prompt1,39,,,,,,,,,,6/25/2026 10:11am,0,"2D Dn-120 Dn-000-silh Dp-000-silh,Dn-000-silh",2d,duck_120,,,,mrot,,Dn-120,mrot-v2,,mrot_2d_duck_120 v1_6 ,v1_6,,,-2.4775,1,,6/25/2026 10:11am,,mrot_2d_duck_120 v1_6 ,mrot_2d_duck_120 v1_6 ,1.000,-2.478,mrot_2d_duck_120,1 checked out of 1,
mrot-v2 Dp-200,mental-rotation-v2_40,mental-rotation-v2,mental-rotation-v2,mental-rotation-item-bank,mental-rotation,mental-rotation,levante-shape-rotation-dev,Dp-200,Mental Rotation,Dp-000-silh,test_response,mental-rotation-prompt1,mental-rotation-prompt1,1,0.50,,2.50347869,,Dp-200,mrot_2d_duck_160,mrot_2d_duck_160,34,Choose the matching picture.,,,"Dp-000-silh,Dn-000-silh",2d-duck,5000,,2D,mental-rotation-prompt1,40,,,,,,,,,,6/25/2026 10:11am,0,"2D Dp-200 Dp-000-silh Dp-000-silh,Dn-000-silh",2d,duck_160,,,,mrot,,Dp-200,mrot-v2,,mrot_2d_duck_160 v1_6 ,v1_6,,,-1.3864,1,,6/25/2026 10:11am,,mrot_2d_duck_160 v1_6 ,mrot_2d_duck_160 v1_6 ,1.000,-1.386,mrot_2d_duck_160,1 checked out of 1,
mrot-v2 Dn-080,mental-rotation-v2_41,mental-rotation-v2,mental-rotation-v2,mental-rotation-item-bank,mental-rotation,mental-rotation,levante-shape-rotation-dev,Dn-080,Mental Rotation,Dn-000-silh,test_response,mental-rotation-prompt1,mental-rotation-prompt1,1,0.50,,0.23191247,,Dn-080,mrot_2d_duck_080,mrot_2d_duck_080,29,Choose the matching picture.,,,"Dp-000-silh,Dn-000-silh",2d-duck,5000,,2D,mental-rotation-prompt1,41,,,,,,,,,,6/25/2026 10:11am,0,"2D Dn-080 Dn-000-silh Dp-000-silh,Dn-000-silh",2d,duck_080,,,,mrot,,Dn-080,mrot-v2,,mrot_2d_duck_080 v1_6 ,v1_6,,,-3.1336,1,,6/25/2026 10:11am,,mrot_2d_duck_080 v1_6 ,mrot_2d_duck_080 v1_6 ,1.000,-3.134,mrot_2d_duck_080,1 checked out of 1,
mrot-v2 Dn-120,mental-rotation-v2_42,mental-rotation-v2,mental-rotation-v2,mental-rotation-item-bank,mental-rotation,mental-rotation,levante-shape-rotation-dev,Dn-120,Mental Rotation,Dn-000-silh,test_response,mental-rotation-prompt1,mental-rotation-prompt1,1,0.50,,0.66669196,,Dn-120,mrot_2d_duck_120,mrot_2d_duck_120,31,Choose the matching picture.,,,"Dp-000-silh,Dn-000-silh",2d-duck,5000,,2D,mental-rotation-prompt1,42,,,,,,,,,,6/25/2026 10:11am,0,"2D Dn-120 Dn-000-silh Dp-000-silh,Dn-000-silh",2d,duck_120,,,,mrot,,Dn-120,mrot-v2,,mrot_2d_duck_120 v1_6 ,v1_6,,,-2.4775,1,,6/25/2026 10:11am,,mrot_2d_duck_120 v1_6 ,mrot_2d_duck_120 v1_6 ,1.000,-2.478,mrot_2d_duck_120,1 checked out of 1,
mrot-v2 Dp-160,mental-rotation-v2_43,mental-rotation-v2,mental-rotation-v2,mental-rotation-item-bank,mental-rotation,mental-rotation,levante-shape-rotation-dev,Dp-160,Mental Rotation,Dp-000-silh,test_response,mental-rotation-prompt1,mental-rotation-prompt1,1,0.50,,2.64508040,,Dp-160,mrot_2d_duck_160,mrot_2d_duck_160,32,Choose the matching picture.,,,"Dp-000-silh,Dn-000-silh",2d-duck,5000,,2D,mental-rotation-prompt1,43,,,,,,,,,,6/25/2026 10:11am,0,"2D Dp-160 Dp-000-silh Dp-000-silh,Dn-000-silh",2d,duck_160,,,,mrot,,Dp-160,mrot-v2,,mrot_2d_duck_160 v1_6 ,v1_6,,,-1.3864,1,,6/25/2026 10:11am,,mrot_2d_duck_160 v1_6 ,mrot_2d_duck_160 v1_6 ,1.000,-1.386,mrot_2d_duck_160,1 checked out of 1,
mrot-v2 Dn-160,mental-rotation-v2_44,mental-rotation-v2,mental-rotation-v2,mental-rotation-item-bank,mental-rotation,mental-rotation,levante-shape-rotation-dev,Dn-160,Mental Rotation,Dn-000-silh,test_response,mental-rotation-prompt1,mental-rotation-prompt1,1,0.50,,3.01041744,,Dn-160,mrot_2d_duck_160,mrot_2d_duck_160,33,Choose the matching picture.,,,"Dp-000-silh,Dn-000-silh",2d-duck,5000,,2D,mental-rotation-prompt1,44,,,,,,,,,,6/25/2026 10:11am,0,"2D Dn-160 Dn-000-silh Dp-000-silh,Dn-000-silh",2d,duck_160,,,,mrot,,Dn-160,mrot-v2,,mrot_2d_duck_160 v1_6 ,v1_6,,,-1.3864,1,,6/25/2026 10:11am,,mrot_2d_duck_160 v1_6 ,mrot_2d_duck_160 v1_6 ,1.000,-1.386,mrot_2d_duck_160,1 checked out of 1,
mrot-v2 Dn-200,mental-rotation-v2_45,mental-rotation-v2,mental-rotation-v2,mental-rotation-item-bank,mental-rotation,mental-rotation,levante-shape-rotation-dev,Dn-200,Mental Rotation,Dn-000-silh,test_response,mental-rotation-prompt1,mental-rotation-prompt1,1,0.50,,2.70986034,,Dn-200,mrot_2d_duck_160,mrot_2d_duck_160,35,Choose the matching picture.,,,"Dp-000-silh,Dn-000-silh",2d-duck,5000,,2D,mental-rotation-prompt1,45,,,,,,,,,,6/25/2026 10:11am,0,"2D Dn-200 Dn-000-silh Dp-000-silh,Dn-000-silh",2d,duck_160,,,,mrot,,Dn-200,mrot-v2,,mrot_2d_duck_160 v1_6 ,v1_6,,,-1.3864,1,,6/25/2026 10:11am,,mrot_2d_duck_160 v1_6 ,mrot_2d_duck_160 v1_6 ,1.000,-1.386,mrot_2d_duck_160,1 checked out of 1,
mrot-v2 Dp-240,mental-rotation-v2_46,mental-rotation-v2,mental-rotation-v2,mental-rotation-item-bank,mental-rotation,mental-rotation,levante-shape-rotation-dev,Dp-240,Mental Rotation,Dp-000-silh,test_response,mental-rotation-prompt1,mental-rotation-prompt1,1,0.50,,1.61050650,,Dp-240,mrot_2d_duck_120,mrot_2d_duck_120,36,Choose the matching picture.,,,"Dp-000-silh,Dn-000-silh",2d-duck,5000,,2D,mental-rotation-prompt1,46,,,,,,,,,,6/25/2026 10:11am,0,"2D Dp-240 Dp-000-silh Dp-000-silh,Dn-000-silh",2d,duck_120,,,,mrot,,Dp-240,mrot-v2,,mrot_2d_duck_120 v1_6 ,v1_6,,,-2.4775,1,,6/25/2026 10:11am,,mrot_2d_duck_120 v1_6 ,mrot_2d_duck_120 v1_6 ,1.000,-2.478,mrot_2d_duck_120,1 checked out of 1,
mrot-v2 Dn-240,mental-rotation-v2_47,mental-rotation-v2,mental-rotation-v2,mental-rotation-item-bank,mental-rotation,mental-rotation,levante-shape-rotation-dev,Dn-240,Mental Rotation,Dn-000-silh,test_response,mental-rotation-prompt1,mental-rotation-prompt1,1,0.50,,1.41817389,,Dn-240,mrot_2d_duck_120,mrot_2d_duck_120,37,Choose the matching picture.,,,"Dp-000-silh,Dn-000-silh",2d-duck,5000,,2D,mental-rotation-prompt1,47,,,,,,,,,,6/25/2026 10:11am,0,"2D Dn-240 Dn-000-silh Dp-000-silh,Dn-000-silh",2d,duck_120,,,,mrot,,Dn-240,mrot-v2,,mrot_2d_duck_120 v1_6 ,v1_6,,,-2.4775,1,,6/25/2026 10:11am,,mrot_2d_duck_120 v1_6 ,mrot_2d_duck_120 v1_6 ,1.000,-2.478,mrot_2d_duck_120,1 checked out of 1,
mrot-v2 Dp-280,mental-rotation-v2_48,mental-rotation-v2,mental-rotation-v2,mental-rotation-item-bank,mental-rotation,mental-rotation,levante-shape-rotation-dev,Dp-280,Mental Rotation,Dp-000-silh,test_response,mental-rotation-prompt1,mental-rotation-prompt1,1,0.50,,-7.10000000,,Dp-280,mrot_2d_duck_080,mrot_2d_duck_080,38,Choose the matching picture.,,,"Dp-000-silh,Dn-000-silh",2d-duck,5000,,2D,mental-rotation-prompt1,48,,,,,,,,,,6/25/2026 10:11am,0,"2D Dp-280 Dp-000-silh Dp-000-silh,Dn-000-silh",2d,duck_080,,,,mrot,,Dp-280,mrot-v2,,mrot_2d_duck_080 v1_6 ,v1_6,,,-3.1336,1,,6/25/2026 10:11am,,mrot_2d_duck_080 v1_6 ,mrot_2d_duck_080 v1_6 ,1.000,-3.134,mrot_2d_duck_080,1 checked out of 1,
mrot-v2 Dn-280,mental-rotation-v2_49,mental-rotation-v2,mental-rotation-v2,mental-rotation-item-bank,mental-rotation,mental-rotation,levante-shape-rotation-dev,Dn-280,Mental Rotation,Dn-000-silh,test_response,mental-rotation-prompt1,mental-rotation-prompt1,1,0.50,,0.32706179,,Dn-280,mrot_2d_duck_080,mrot_2d_duck_080,39,Choose the matching picture.,,,"Dp-000-silh,Dn-000-silh",2d-duck,5000,,2D,mental-rotation-prompt1,49,,,,,,,,,,6/25/2026 10:11am,0,"2D Dn-280 Dn-000-silh Dp-000-silh,Dn-000-silh",2d,duck_080,,,,mrot,,Dn-280,mrot-v2,,mrot_2d_duck_080 v1_6 ,v1_6,,,-3.1336,1,,6/25/2026 10:11am,,mrot_2d_duck_080 v1_6 ,mrot_2d_duck_080 v1_6 ,1.000,-3.134,mrot_2d_duck_080,1 checked out of 1,
mrot-v2 Dp-320,mental-rotation-v2_50,mental-rotation-v2,mental-rotation-v2,mental-rotation-item-bank,mental-rotation,mental-rotation,levante-shape-rotation-dev,Dp-320,Mental Rotation,Dp-000-silh,test_response,mental-rotation-prompt1,mental-rotation-prompt1,1,0.50,,0.41699675,,Dp-320,mrot_2d_duck_040,mrot_2d_duck_040,40,Choose the matching picture.,,,"Dp-000-silh,Dn-000-silh",2d-duck,5000,,2D,mental-rotation-prompt1,50,,,,,,,,,,6/25/2026 10:11am,0,"2D Dp-320 Dp-000-silh Dp-000-silh,Dn-000-silh",2d,duck_040,,,,mrot,,Dp-320,mrot-v2,,mrot_2d_duck_040 v1_6 ,v1_6,,,-3.7536,1,,6/25/2026 10:11am,,mrot_2d_duck_040 v1_6 ,mrot_2d_duck_040 v1_6 ,1.000,-3.754,mrot_2d_duck_040,1 checked out of 1,
mrot-v2 Dn-320,mental-rotation-v2_51,mental-rotation-v2,mental-rotation-v2,mental-rotation-item-bank,mental-rotation,mental-rotation,levante-shape-rotation-dev,Dn-320,Mental Rotation,Dn-000-silh,test_response,mental-rotation-prompt1,mental-rotation-prompt1,1,0.50,,0.33187786,,Dn-320,mrot_2d_duck_040,mrot_2d_duck_040,41,Choose the matching picture.,,,"Dp-000-silh,Dn-000-silh",2d-duck,5000,,2D,mental-rotation-prompt1,51,,,,,,,,,,6/25/2026 10:11am,0,"2D Dn-320 Dn-000-silh Dp-000-silh,Dn-000-silh",2d,duck_040,,,,mrot,,Dn-320,mrot-v2,,mrot_2d_duck_040 v1_6 ,v1_6,,,-3.7536,1,,6/25/2026 10:11am,,mrot_2d_duck_040 v1_6 ,mrot_2d_duck_040 v1_6 ,1.000,-3.754,mrot_2d_duck_040,1 checked out of 1,
mrot-v2 P1p-040,mental-rotation-v2_53,mental-rotation-v2,mental-rotation-v2,mental-rotation-item-bank,mental-rotation,mental-rotation,levante-shape-rotation-dev,P1p-040,Mental Rotation,P1p-000-silh,test_response,mental-rotation-prompt1,mental-rotation-prompt1,2,0.50,,3.12500000,,P1p-040,mrot_2d_polygon1_040,mrot_2d_polygon1_040,,Choose the matching picture.,,,"P1p-000-silh,P1n-000-silh",2d-polygon1,5000,,polygon,mental-rotation-prompt1,53,,,,,,,,,,6/25/2026 10:11am,0,"polygon P1p-040 P1p-000-silh P1p-000-silh,P1n-000-silh",2d,polygon1_040,,,,mrot,,P1p-040,mrot-v2,,,v1_6,mrot_2d_polygon1_040,-2.113,-2.1133,,-1.42,6/25/2026 10:11am,,mrot_2d_polygon1_040 v1_6 ,,,,mrot_2d_polygon1_040,1 checked out of 1,
mrot-v2 P1p-200,mental-rotation-v2_54,mental-rotation-v2,mental-rotation-v2,mental-rotation-item-bank,mental-rotation,mental-rotation,levante-shape-rotation-dev,P1p-200,Mental Rotation,P1p-000-silh,test_response,mental-rotation-prompt1,mental-rotation-prompt1,2,0.50,,3.62500000,,P1p-200,mrot_2d_polygon1_160,mrot_2d_polygon1_160,,Choose the matching picture.,,,"P1p-000-silh,P1n-000-silh",2d-polygon1,5000,,polygon,mental-rotation-prompt1,54,,,,,,,,,,6/25/2026 10:11am,0,"polygon P1p-200 P1p-000-silh P1p-000-silh,P1n-000-silh",2d,polygon1_160,,,,mrot,,P1p-200,mrot-v2,,,v1_6,mrot_2d_polygon1_160,0.296,0.2960,,-1.42,6/25/2026 10:11am,,mrot_2d_polygon1_160 v1_6 ,,,,mrot_2d_polygon1_160,1 checked out of 1,
mrot-v2 P1p-320,mental-rotation-v2_55,mental-rotation-v2,mental-rotation-v2,mental-rotation-item-bank,mental-rotation,mental-rotation,levante-shape-rotation-dev,P1p-320,Mental Rotation,P1p-000-silh,test_response,mental-rotation-prompt1,mental-rotation-prompt1,2,0.50,,4.00000000,,P1p-320,mrot_2d_polygon1_040,mrot_2d_polygon1_040,,Choose the matching picture.,,,"P1p-000-silh,P1n-000-silh",2d-polygon1,5000,,polygon,mental-rotation-prompt1,55,,,,,,,,,,6/25/2026 10:11am,0,"polygon P1p-320 P1p-000-silh P1p-000-silh,P1n-000-silh",2d,polygon1_040,,,,mrot,,P1p-320,mrot-v2,,,v1_6,mrot_2d_polygon1_040,-2.113,-2.1133,,-1.42,6/25/2026 10:11am,,mrot_2d_polygon1_040 v1_6 ,,,,mrot_2d_polygon1_040,1 checked out of 1,
mrot-v2 P1p-160,mental-rotation-v2_56,mental-rotation-v2,mental-rotation-v2,mental-rotation-item-bank,mental-rotation,mental-rotation,levante-shape-rotation-dev,P1p-160,Mental Rotation,P1p-000-silh,test_response,mental-rotation-prompt1,mental-rotation-prompt1,2,0.50,,3.50000000,,P1p-160,mrot_2d_polygon1_160,mrot_2d_polygon1_160,,Choose the matching picture.,,,"P1p-000-silh,P1n-000-silh",2d-polygon1,5000,,polygon,mental-rotation-prompt1,56,,,,,,,,,,6/25/2026 10:11am,0,"polygon P1p-160 P1p-000-silh P1p-000-silh,P1n-000-silh",2d,polygon1_160,,,,mrot,,P1p-160,mrot-v2,,,v1_6,mrot_2d_polygon1_160,0.296,0.2960,,-1.42,6/25/2026 10:11am,,mrot_2d_polygon1_160 v1_6 ,,,,mrot_2d_polygon1_160,1 checked out of 1,
mrot-v2 P1n-280,mental-rotation-v2_57,mental-rotation-v2,mental-rotation-v2,mental-rotation-item-bank,mental-rotation,mental-rotation,levante-shape-rotation-dev,P1n-280,Mental Rotation,P1n-000-silh,test_response,mental-rotation-prompt1,mental-rotation-prompt1,2,0.50,,3.87500000,,P1n-280,mrot_2d_polygon1_080,mrot_2d_polygon1_080,,Choose the matching picture.,,,"P1p-000-silh,P1n-000-silh",2d-polygon1,5000,,polygon,mental-rotation-prompt1,57,,,,,,,,,,6/25/2026 10:11am,0,"polygon P1n-280 P1n-000-silh P1p-000-silh,P1n-000-silh",2d,polygon1_080,,,,mrot,,P1n-280,mrot-v2,,,v1_6,mrot_2d_polygon1_080,-1.310,-1.3102,,-1.42,6/25/2026 10:11am,,mrot_2d_polygon1_080 v1_6 ,,,,mrot_2d_polygon1_080,1 checked out of 1,
mrot-v2 P1n-320,mental-rotation-v2_58,mental-rotation-v2,mental-rotation-v2,mental-rotation-item-bank,mental-rotation,mental-rotation,levante-shape-rotation-dev,P1n-320,Mental Rotation,P1n-000-silh,test_response,mental-rotation-prompt1,mental-rotation-prompt1,2,0.50,,4.00000000,,P1n-320,mrot_2d_polygon1_040,mrot_2d_polygon1_040,,Choose the matching picture.,,,"P1p-000-silh,P1n-000-silh",2d-polygon1,5000,,polygon,mental-rotation-prompt1,58,,,,,,,,,,6/25/2026 10:11am,0,"polygon P1n-320 P1n-000-silh P1p-000-silh,P1n-000-silh",2d,polygon1_040,,,,mrot,,P1n-320,mrot-v2,,,v1_6,mrot_2d_polygon1_040,-2.113,-2.1133,,-1.42,6/25/2026 10:11am,,mrot_2d_polygon1_040 v1_6 ,,,,mrot_2d_polygon1_040,1 checked out of 1,
mrot-v2 P1p-080,mental-rotation-v2_59,mental-rotation-v2,mental-rotation-v2,mental-rotation-item-bank,mental-rotation,mental-rotation,levante-shape-rotation-dev,P1p-080,Mental Rotation,P1p-000-silh,test_response,mental-rotation-prompt1,mental-rotation-prompt1,2,0.50,,3.25000000,,P1p-080,mrot_2d_polygon1_080,mrot_2d_polygon1_080,,Choose the matching picture.,,,"P1p-000-silh,P1n-000-silh",2d-polygon1,5000,,polygon,mental-rotation-prompt1,59,,,,,,,,,,6/25/2026 10:11am,0,"polygon P1p-080 P1p-000-silh P1p-000-silh,P1n-000-silh",2d,polygon1_080,,,,mrot,,P1p-080,mrot-v2,,,v1_6,mrot_2d_polygon1_080,-1.310,-1.3102,,-1.42,6/25/2026 10:11am,,mrot_2d_polygon1_080 v1_6 ,,,,mrot_2d_polygon1_080,1 checked out of 1,
mrot-v2 P1n-160,mental-rotation-v2_60,mental-rotation-v2,mental-rotation-v2,mental-rotation-item-bank,mental-rotation,mental-rotation,levante-shape-rotation-dev,P1n-160,Mental Rotation,P1n-000-silh,test_response,mental-rotation-prompt1,mental-rotation-prompt1,2,0.50,,3.50000000,,P1n-160,mrot_2d_polygon1_160,mrot_2d_polygon1_160,,Choose the matching picture.,,,"P1p-000-silh,P1n-000-silh",2d-polygon1,5000,,polygon,mental-rotation-prompt1,60,,,,,,,,,,6/25/2026 10:11am,0,"polygon P1n-160 P1n-000-silh P1p-000-silh,P1n-000-silh",2d,polygon1_160,,,,mrot,,P1n-160,mrot-v2,,,v1_6,mrot_2d_polygon1_160,0.296,0.2960,,-1.42,6/25/2026 10:11am,,mrot_2d_polygon1_160 v1_6 ,,,,mrot_2d_polygon1_160,1 checked out of 1,
mrot-v2 P1p-120,mental-rotation-v2_61,mental-rotation-v2,mental-rotation-v2,mental-rotation-item-bank,mental-rotation,mental-rotation,levante-shape-rotation-dev,P1p-120,Mental Rotation,P1p-000-silh,test_response,mental-rotation-prompt1,mental-rotation-prompt1,2,0.50,,3.37500000,,P1p-120,mrot_2d_polygon1_120,mrot_2d_polygon1_120,,Choose the matching picture.,,,"P1p-000-silh,P1n-000-silh",2d-polygon1,5000,,polygon,mental-rotation-prompt1,61,,,,,,,,,,6/25/2026 10:11am,0,"polygon P1p-120 P1p-000-silh P1p-000-silh,P1n-000-silh",2d,polygon1_120,,,,mrot,,P1p-120,mrot-v2,,,v1_6,mrot_2d_polygon1_120,-0.507,-0.5071,,-1.42,6/25/2026 10:11am,,mrot_2d_polygon1_120 v1_6 ,,,,mrot_2d_polygon1_120,1 checked out of 1,
mrot-v2 P1p-240,mental-rotation-v2_62,mental-rotation-v2,mental-rotation-v2,mental-rotation-item-bank,mental-rotation,mental-rotation,levante-shape-rotation-dev,P1p-240,Mental Rotation,P1p-000-silh,test_response,mental-rotation-prompt1,mental-rotation-prompt1,2,0.50,,3.75000000,,P1p-240,mrot_2d_polygon1_120,mrot_2d_polygon1_120,,Choose the matching picture.,,,"P1p-000-silh,P1n-000-silh",2d-polygon1,5000,,polygon,mental-rotation-prompt1,62,,,,,,,,,,6/25/2026 10:11am,0,"polygon P1p-240 P1p-000-silh P1p-000-silh,P1n-000-silh",2d,polygon1_120,,,,mrot,,P1p-240,mrot-v2,,,v1_6,mrot_2d_polygon1_120,-0.507,-0.5071,,-1.42,6/25/2026 10:11am,,mrot_2d_polygon1_120 v1_6 ,,,,mrot_2d_polygon1_120,1 checked out of 1,
mrot-v2 P1n-040,mental-rotation-v2_63,mental-rotation-v2,mental-rotation-v2,mental-rotation-item-bank,mental-rotation,mental-rotation,levante-shape-rotation-dev,P1n-040,Mental Rotation,P1n-000-silh,test_response,mental-rotation-prompt1,mental-rotation-prompt1,2,0.50,,3.12500000,,P1n-040,mrot_2d_polygon1_040,mrot_2d_polygon1_040,,Choose the matching picture.,,,"P1p-000-silh,P1n-000-silh",2d-polygon1,5000,,polygon,mental-rotation-prompt1,63,,,,,,,,,,6/25/2026 10:11am,0,"polygon P1n-040 P1n-000-silh P1p-000-silh,P1n-000-silh",2d,polygon1_040,,,,mrot,,P1n-040,mrot-v2,,,v1_6,mrot_2d_polygon1_040,-2.113,-2.1133,,-1.42,6/25/2026 10:11am,,mrot_2d_polygon1_040 v1_6 ,,,,mrot_2d_polygon1_040,1 checked out of 1,
mrot-v2 P1n-200,mental-rotation-v2_64,mental-rotation-v2,mental-rotation-v2,mental-rotation-item-bank,mental-rotation,mental-rotation,levante-shape-rotation-dev,P1n-200,Mental Rotation,P1n-000-silh,test_response,mental-rotation-prompt1,mental-rotation-prompt1,2,0.50,,3.62500000,,P1n-200,mrot_2d_polygon1_160,mrot_2d_polygon1_160,,Choose the matching picture.,,,"P1p-000-silh,P1n-000-silh",2d-polygon1,5000,,polygon,mental-rotation-prompt1,64,,,,,,,,,,6/25/2026 10:11am,0,"polygon P1n-200 P1n-000-silh P1p-000-silh,P1n-000-silh",2d,polygon1_160,,,,mrot,,P1n-200,mrot-v2,,,v1_6,mrot_2d_polygon1_160,0.296,0.2960,,-1.42,6/25/2026 10:11am,,mrot_2d_polygon1_160 v1_6 ,,,,mrot_2d_polygon1_160,1 checked out of 1,
mrot-v2 P1n-120,mental-rotation-v2_65,mental-rotation-v2,mental-rotation-v2,mental-rotation-item-bank,mental-rotation,mental-rotation,levante-shape-rotation-dev,P1n-120,Mental Rotation,P1n-000-silh,test_response,mental-rotation-prompt1,mental-rotation-prompt1,2,0.50,,3.37500000,,P1n-120,mrot_2d_polygon1_120,mrot_2d_polygon1_120,,Choose the matching picture.,,,"P1p-000-silh,P1n-000-silh",2d-polygon1,5000,,polygon,mental-rotation-prompt1,65,,,,,,,,,,6/25/2026 10:11am,0,"polygon P1n-120 P1n-000-silh P1p-000-silh,P1n-000-silh",2d,polygon1_120,,,,mrot,,P1n-120,mrot-v2,,,v1_6,mrot_2d_polygon1_120,-0.507,-0.5071,,-1.42,6/25/2026 10:11am,,mrot_2d_polygon1_120 v1_6 ,,,,mrot_2d_polygon1_120,1 checked out of 1,
mrot-v2 P1p-280,mental-rotation-v2_66,mental-rotation-v2,mental-rotation-v2,mental-rotation-item-bank,mental-rotation,mental-rotation,levante-shape-rotation-dev,P1p-280,Mental Rotation,P1p-000-silh,test_response,mental-rotation-prompt1,mental-rotation-prompt1,2,0.50,,3.87500000,,P1p-280,mrot_2d_polygon1_080,mrot_2d_polygon1_080,,Choose the matching picture.,,,"P1p-000-silh,P1n-000-silh",2d-polygon1,5000,,polygon,mental-rotation-prompt1,66,,,,,,,,,,6/25/2026 10:11am,0,"polygon P1p-280 P1p-000-silh P1p-000-silh,P1n-000-silh",2d,polygon1_080,,,,mrot,,P1p-280,mrot-v2,,,v1_6,mrot_2d_polygon1_080,-1.310,-1.3102,,-1.42,6/25/2026 10:11am,,mrot_2d_polygon1_080 v1_6 ,,,,mrot_2d_polygon1_080,1 checked out of 1,
mrot-v2 P1n-080,mental-rotation-v2_67,mental-rotation-v2,mental-rotation-v2,mental-rotation-item-bank,mental-rotation,mental-rotation,levante-shape-rotation-dev,P1n-080,Mental Rotation,P1n-000-silh,test_response,mental-rotation-prompt1,mental-rotation-prompt1,2,0.50,,3.25000000,,P1n-080,mrot_2d_polygon1_080,mrot_2d_polygon1_080,,Choose the matching picture.,,,"P1p-000-silh,P1n-000-silh",2d-polygon1,5000,,polygon,mental-rotation-prompt1,67,,,,,,,,,,6/25/2026 10:11am,0,"polygon P1n-080 P1n-000-silh P1p-000-silh,P1n-000-silh",2d,polygon1_080,,,,mrot,,P1n-080,mrot-v2,,,v1_6,mrot_2d_polygon1_080,-1.310,-1.3102,,-1.42,6/25/2026 10:11am,,mrot_2d_polygon1_080 v1_6 ,,,,mrot_2d_polygon1_080,1 checked out of 1,
mrot-v2 P1n-240,mental-rotation-v2_68,mental-rotation-v2,mental-rotation-v2,mental-rotation-item-bank,mental-rotation,mental-rotation,levante-shape-rotation-dev,P1n-240,Mental Rotation,P1n-000-silh,test_response,mental-rotation-prompt1,mental-rotation-prompt1,2,0.50,,3.75000000,,P1n-240,mrot_2d_polygon1_120,mrot_2d_polygon1_120,,Choose the matching picture.,,,"P1p-000-silh,P1n-000-silh",2d-polygon1,5000,,polygon,mental-rotation-prompt1,68,,,,,,,,,,6/25/2026 10:11am,0,"polygon P1n-240 P1n-000-silh P1p-000-silh,P1n-000-silh",2d,polygon1_120,,,,mrot,,P1n-240,mrot-v2,,,v1_6,mrot_2d_polygon1_120,-0.507,-0.5071,,-1.42,6/25/2026 10:11am,,mrot_2d_polygon1_120 v1_6 ,,,,mrot_2d_polygon1_120,1 checked out of 1,
mrot-v2 P2p-320,mental-rotation-v2_69,mental-rotation-v2,mental-rotation-v2,mental-rotation-item-bank,mental-rotation,mental-rotation,levante-shape-rotation-dev,P2p-320,Mental Rotation,P2p-000-silh,test_response,mental-rotation-prompt1,mental-rotation-prompt1,2,0.50,,5.00000000,,P2p-320,mrot_2d_polygon2_040,mrot_2d_polygon2_040,,Choose the matching picture.,,,"P2p-000-silh,P2n-000-silh",2d-polygon2,5000,,polygon,mental-rotation-prompt1,69,,,,,,,,,,6/25/2026 10:11am,0,"polygon P2p-320 P2p-000-silh P2p-000-silh,P2n-000-silh",2d,polygon2_040,,,,mrot,,P2p-320,mrot-v2,,,v1_6,mrot_2d_polygon2_040,-2.113,-2.1133,,-1.42,6/25/2026 10:11am,,mrot_2d_polygon2_040 v1_6 ,,,,mrot_2d_polygon2_040,1 checked out of 1,
mrot-v2 P2n-240,mental-rotation-v2_70,mental-rotation-v2,mental-rotation-v2,mental-rotation-item-bank,mental-rotation,mental-rotation,levante-shape-rotation-dev,P2n-240,Mental Rotation,P2n-000-silh,test_response,mental-rotation-prompt1,mental-rotation-prompt1,2,0.50,,4.75000000,,P2n-240,mrot_2d_polygon2_120,mrot_2d_polygon2_120,,Choose the matching picture.,,,"P2p-000-silh,P2n-000-silh",2d-polygon2,5000,,polygon,mental-rotation-prompt1,70,,,,,,,,,,6/25/2026 10:11am,0,"polygon P2n-240 P2n-000-silh P2p-000-silh,P2n-000-silh",2d,polygon2_120,,,,mrot,,P2n-240,mrot-v2,,,v1_6,mrot_2d_polygon2_120,-0.507,-0.5071,,-1.42,6/25/2026 10:11am,,mrot_2d_polygon2_120 v1_6 ,,,,mrot_2d_polygon2_120,1 checked out of 1,
mrot-v2 P2p-280,mental-rotation-v2_71,mental-rotation-v2,mental-rotation-v2,mental-rotation-item-bank,mental-rotation,mental-rotation,levante-shape-rotation-dev,P2p-280,Mental Rotation,P2p-000-silh,test_response,mental-rotation-prompt1,mental-rotation-prompt1,2,0.50,,4.87500000,,P2p-280,mrot_2d_polygon2_080,mrot_2d_polygon2_080,,Choose the matching picture.,,,"P2p-000-silh,P2n-000-silh",2d-polygon2,5000,,polygon,mental-rotation-prompt1,71,,,,,,,,,,6/25/2026 10:11am,0,"polygon P2p-280 P2p-000-silh P2p-000-silh,P2n-000-silh",2d,polygon2_080,,,,mrot,,P2p-280,mrot-v2,,,v1_6,mrot_2d_polygon2_080,-1.310,-1.3102,,-1.42,6/25/2026 10:11am,,mrot_2d_polygon2_080 v1_6 ,,,,mrot_2d_polygon2_080,1 checked out of 1,
mrot-v2 P2n-320,mental-rotation-v2_72,mental-rotation-v2,mental-rotation-v2,mental-rotation-item-bank,mental-rotation,mental-rotation,levante-shape-rotation-dev,P2n-320,Mental Rotation,P2n-000-silh,test_response,mental-rotation-prompt1,mental-rotation-prompt1,2,0.50,,5.00000000,,P2n-320,mrot_2d_polygon2_040,mrot_2d_polygon2_040,,Choose the matching picture.,,,"P2p-000-silh,P2n-000-silh",2d-polygon2,5000,,polygon,mental-rotation-prompt1,72,,,,,,,,,,6/25/2026 10:11am,0,"polygon P2n-320 P2n-000-silh P2p-000-silh,P2n-000-silh",2d,polygon2_040,,,,mrot,,P2n-320,mrot-v2,,,v1_6,mrot_2d_polygon2_040,-2.113,-2.1133,,-1.42,6/25/2026 10:11am,,mrot_2d_polygon2_040 v1_6 ,,,,mrot_2d_polygon2_040,1 checked out of 1,
mrot-v2 P2n-160,mental-rotation-v2_73,mental-rotation-v2,mental-rotation-v2,mental-rotation-item-bank,mental-rotation,mental-rotation,levante-shape-rotation-dev,P2n-160,Mental Rotation,P2n-000-silh,test_response,mental-rotation-prompt1,mental-rotation-prompt1,2,0.50,,4.50000000,,P2n-160,mrot_2d_polygon2_160,mrot_2d_polygon2_160,,Choose the matching picture.,,,"P2p-000-silh,P2n-000-silh",2d-polygon2,5000,,polygon,mental-rotation-prompt1,73,,,,,,,,,,6/25/2026 10:11am,0,"polygon P2n-160 P2n-000-silh P2p-000-silh,P2n-000-silh",2d,polygon2_160,,,,mrot,,P2n-160,mrot-v2,,,v1_6,mrot_2d_polygon2_160,0.296,0.2960,,-1.42,6/25/2026 10:11am,,mrot_2d_polygon2_160 v1_6 ,,,,mrot_2d_polygon2_160,1 checked out of 1,
mrot-v2 P2p-040,mental-rotation-v2_74,mental-rotation-v2,mental-rotation-v2,mental-rotation-item-bank,mental-rotation,mental-rotation,levante-shape-rotation-dev,P2p-040,Mental Rotation,P2p-000-silh,test_response,mental-rotation-prompt1,mental-rotation-prompt1,2,0.50,,4.12500000,,P2p-040,mrot_2d_polygon2_040,mrot_2d_polygon2_040,,Choose the matching picture.,,,"P2p-000-silh,P2n-000-silh",2d-polygon2,5000,,polygon,mental-rotation-prompt1,74,,,,,,,,,,6/25/2026 10:11am,0,"polygon P2p-040 P2p-000-silh P2p-000-silh,P2n-000-silh",2d,polygon2_040,,,,mrot,,P2p-040,mrot-v2,,,v1_6,mrot_2d_polygon2_040,-2.113,-2.1133,,-1.42,6/25/2026 10:11am,,mrot_2d_polygon2_040 v1_6 ,,,,mrot_2d_polygon2_040,1 checked out of 1,
mrot-v2 P2p-160,mental-rotation-v2_75,mental-rotation-v2,mental-rotation-v2,mental-rotation-item-bank,mental-rotation,mental-rotation,levante-shape-rotation-dev,P2p-160,Mental Rotation,P2p-000-silh,test_response,mental-rotation-prompt1,mental-rotation-prompt1,2,0.50,,4.50000000,,P2p-160,mrot_2d_polygon2_160,mrot_2d_polygon2_160,,Choose the matching picture.,,,"P2p-000-silh,P2n-000-silh",2d-polygon2,5000,,polygon,mental-rotation-prompt1,75,,,,,,,,,,6/25/2026 10:11am,0,"polygon P2p-160 P2p-000-silh P2p-000-silh,P2n-000-silh",2d,polygon2_160,,,,mrot,,P2p-160,mrot-v2,,,v1_6,mrot_2d_polygon2_160,0.296,0.2960,,-1.42,6/25/2026 10:11am,,mrot_2d_polygon2_160 v1_6 ,,,,mrot_2d_polygon2_160,1 checked out of 1,
mrot-v2 P2p-080,mental-rotation-v2_76,mental-rotation-v2,mental-rotation-v2,mental-rotation-item-bank,mental-rotation,mental-rotation,levante-shape-rotation-dev,P2p-080,Mental Rotation,P2p-000-silh,test_response,mental-rotation-prompt1,mental-rotation-prompt1,2,0.50,,4.25000000,,P2p-080,mrot_2d_polygon2_080,mrot_2d_polygon2_080,,Choose the matching picture.,,,"P2p-000-silh,P2n-000-silh",2d-polygon2,5000,,polygon,mental-rotation-prompt1,76,,,,,,,,,,6/25/2026 10:11am,0,"polygon P2p-080 P2p-000-silh P2p-000-silh,P2n-000-silh",2d,polygon2_080,,,,mrot,,P2p-080,mrot-v2,,,v1_6,mrot_2d_polygon2_080,-1.310,-1.3102,,-1.42,6/25/2026 10:11am,,mrot_2d_polygon2_080 v1_6 ,,,,mrot_2d_polygon2_080,1 checked out of 1,
mrot-v2 P2n-280,mental-rotation-v2_77,mental-rotation-v2,mental-rotation-v2,mental-rotation-item-bank,mental-rotation,mental-rotation,levante-shape-rotation-dev,P2n-280,Mental Rotation,P2n-000-silh,test_response,mental-rotation-prompt1,mental-rotation-prompt1,2,0.50,,4.87500000,,P2n-280,mrot_2d_polygon2_080,mrot_2d_polygon2_080,,Choose the matching picture.,,,"P2p-000-silh,P2n-000-silh",2d-polygon2,5000,,polygon,mental-rotation-prompt1,77,,,,,,,,,,6/25/2026 10:11am,0,"polygon P2n-280 P2n-000-silh P2p-000-silh,P2n-000-silh",2d,polygon2_080,,,,mrot,,P2n-280,mrot-v2,,,v1_6,mrot_2d_polygon2_080,-1.310,-1.3102,,-1.42,6/25/2026 10:11am,,mrot_2d_polygon2_080 v1_6 ,,,,mrot_2d_polygon2_080,1 checked out of 1,
mrot-v2 P2p-200,mental-rotation-v2_78,mental-rotation-v2,mental-rotation-v2,mental-rotation-item-bank,mental-rotation,mental-rotation,levante-shape-rotation-dev,P2p-200,Mental Rotation,P2p-000-silh,test_response,mental-rotation-prompt1,mental-rotation-prompt1,2,0.50,,4.62500000,,P2p-200,mrot_2d_polygon2_160,mrot_2d_polygon2_160,,Choose the matching picture.,,,"P2p-000-silh,P2n-000-silh",2d-polygon2,5000,,polygon,mental-rotation-prompt1,78,,,,,,,,,,6/25/2026 10:11am,0,"polygon P2p-200 P2p-000-silh P2p-000-silh,P2n-000-silh",2d,polygon2_160,,,,mrot,,P2p-200,mrot-v2,,,v1_6,mrot_2d_polygon2_160,0.296,0.2960,,-1.42,6/25/2026 10:11am,,mrot_2d_polygon2_160 v1_6 ,,,,mrot_2d_polygon2_160,1 checked out of 1,
mrot-v2 P2n-120,mental-rotation-v2_79,mental-rotation-v2,mental-rotation-v2,mental-rotation-item-bank,mental-rotation,mental-rotation,levante-shape-rotation-dev,P2n-120,Mental Rotation,P2n-000-silh,test_response,mental-rotation-prompt1,mental-rotation-prompt1,2,0.50,,4.37500000,,P2n-120,mrot_2d_polygon2_120,mrot_2d_polygon2_120,,Choose the matching picture.,,,"P2p-000-silh,P2n-000-silh",2d-polygon2,5000,,polygon,mental-rotation-prompt1,79,,,,,,,,,,6/25/2026 10:11am,0,"polygon P2n-120 P2n-000-silh P2p-000-silh,P2n-000-silh",2d,polygon2_120,,,,mrot,,P2n-120,mrot-v2,,,v1_6,mrot_2d_polygon2_120,-0.507,-0.5071,,-1.42,6/25/2026 10:11am,,mrot_2d_polygon2_120 v1_6 ,,,,mrot_2d_polygon2_120,1 checked out of 1,
mrot-v2 P2n-040,mental-rotation-v2_80,mental-rotation-v2,mental-rotation-v2,mental-rotation-item-bank,mental-rotation,mental-rotation,levante-shape-rotation-dev,P2n-040,Mental Rotation,P2n-000-silh,test_response,mental-rotation-prompt1,mental-rotation-prompt1,2,0.50,,4.12500000,,P2n-040,mrot_2d_polygon2_040,mrot_2d_polygon2_040,,Choose the matching picture.,,,"P2p-000-silh,P2n-000-silh",2d-polygon2,5000,,polygon,mental-rotation-prompt1,80,,,,,,,,,,6/25/2026 10:11am,0,"polygon P2n-040 P2n-000-silh P2p-000-silh,P2n-000-silh",2d,polygon2_040,,,,mrot,,P2n-040,mrot-v2,,,v1_6,mrot_2d_polygon2_040,-2.113,-2.1133,,-1.42,6/25/2026 10:11am,,mrot_2d_polygon2_040 v1_6 ,,,,mrot_2d_polygon2_040,1 checked out of 1,
mrot-v2 P2p-240,mental-rotation-v2_81,mental-rotation-v2,mental-rotation-v2,mental-rotation-item-bank,mental-rotation,mental-rotation,levante-shape-rotation-dev,P2p-240,Mental Rotation,P2p-000-silh,test_response,mental-rotation-prompt1,mental-rotation-prompt1,2,0.50,,4.75000000,,P2p-240,mrot_2d_polygon2_120,mrot_2d_polygon2_120,,Choose the matching picture.,,,"P2p-000-silh,P2n-000-silh",2d-polygon2,5000,,polygon,mental-rotation-prompt1,81,,,,,,,,,,6/25/2026 10:11am,0,"polygon P2p-240 P2p-000-silh P2p-000-silh,P2n-000-silh",2d,polygon2_120,,,,mrot,,P2p-240,mrot-v2,,,v1_6,mrot_2d_polygon2_120,-0.507,-0.5071,,-1.42,6/25/2026 10:11am,,mrot_2d_polygon2_120 v1_6 ,,,,mrot_2d_polygon2_120,1 checked out of 1,
mrot-v2 P2n-200,mental-rotation-v2_82,mental-rotation-v2,mental-rotation-v2,mental-rotation-item-bank,mental-rotation,mental-rotation,levante-shape-rotation-dev,P2n-200,Mental Rotation,P2n-000-silh,test_response,mental-rotation-prompt1,mental-rotation-prompt1,2,0.50,,4.62500000,,P2n-200,mrot_2d_polygon2_160,mrot_2d_polygon2_160,,Choose the matching picture.,,,"P2p-000-silh,P2n-000-silh",2d-polygon2,5000,,polygon,mental-rotation-prompt1,82,,,,,,,,,,6/25/2026 10:11am,0,"polygon P2n-200 P2n-000-silh P2p-000-silh,P2n-000-silh",2d,polygon2_160,,,,mrot,,P2n-200,mrot-v2,,,v1_6,mrot_2d_polygon2_160,0.296,0.2960,,-1.42,6/25/2026 10:11am,,mrot_2d_polygon2_160 v1_6 ,,,,mrot_2d_polygon2_160,1 checked out of 1,
mrot-v2 P2n-080,mental-rotation-v2_83,mental-rotation-v2,mental-rotation-v2,mental-rotation-item-bank,mental-rotation,mental-rotation,levante-shape-rotation-dev,P2n-080,Mental Rotation,P2n-000-silh,test_response,mental-rotation-prompt1,mental-rotation-prompt1,2,0.50,,4.25000000,,P2n-080,mrot_2d_polygon2_080,mrot_2d_polygon2_080,,Choose the matching picture.,,,"P2p-000-silh,P2n-000-silh",2d-polygon2,5000,,polygon,mental-rotation-prompt1,83,,,,,,,,,,6/25/2026 10:11am,0,"polygon P2n-080 P2n-000-silh P2p-000-silh,P2n-000-silh",2d,polygon2_080,,,,mrot,,P2n-080,mrot-v2,,,v1_6,mrot_2d_polygon2_080,-1.310,-1.3102,,-1.42,6/25/2026 10:11am,,mrot_2d_polygon2_080 v1_6 ,,,,mrot_2d_polygon2_080,1 checked out of 1,
mrot-v2 P2p-120,mental-rotation-v2_84,mental-rotation-v2,mental-rotation-v2,mental-rotation-item-bank,mental-rotation,mental-rotation,levante-shape-rotation-dev,P2p-120,Mental Rotation,P2p-000-silh,test_response,mental-rotation-prompt1,mental-rotation-prompt1,2,0.50,,4.37500000,,P2p-120,mrot_2d_polygon2_120,mrot_2d_polygon2_120,,Choose the matching picture.,,,"P2p-000-silh,P2n-000-silh",2d-polygon2,5000,,polygon,mental-rotation-prompt1,84,,,,,,,,,,6/25/2026 10:11am,0,"polygon P2p-120 P2p-000-silh P2p-000-silh,P2n-000-silh",2d,polygon2_120,,,,mrot,,P2p-120,mrot-v2,,,v1_6,mrot_2d_polygon2_120,-0.507,-0.5071,,-1.42,6/25/2026 10:11am,,mrot_2d_polygon2_120 v1_6 ,,,,mrot_2d_polygon2_120,1 checked out of 1,
mrot-v2 ap1-000,mental-rotation-v2_85,mental-rotation-v2,mental-rotation-v2,mental-rotation-item-bank,mental-rotation,mental-rotation,levante-shape-rotation-dev,ap1-000,Mental Rotation,ap1-000,practice_response,mental-rotation-prompt2,mental-rotation-prompt2,3,0.50,,,,ap1-000,,,,Choose the matching picture.,,,"ap1-000,an1-000",3D,5000,,3D,mental-rotation-prompt2,85,,,,,,,,,,3/5/2026 3:41pm,1,"3D ap1-000 ap1-000 ap1-000,an1-000",,,,,,,,ap1-000,mrot-v2,,,v1_6,,,,,0.28,3/5/2026 3:41pm,,,,,,,1 checked out of 1,
mrot-v2 an1-240,mental-rotation-v2_86,mental-rotation-v2,mental-rotation-v2,mental-rotation-item-bank,mental-rotation,mental-rotation,levante-shape-rotation-dev,an1-240,Mental Rotation,an1-000,test_response,mental-rotation-prompt1,mental-rotation-prompt1,3,0.50,,4.55185406,,an1-240,mrot_3d_shape_120,mrot_3d_shape_120,78,Choose the matching picture.,,,"ap1-000,an1-000",3D,5000,,3D,mental-rotation-prompt1,86,,,,,,,,,,3/31/2026 7:52am,0,"3D an1-240 an1-000 ap1-000,an1-000",3d,shape_120,,,,mrot,,an1-240,mrot-v2,,mrot_3d_shape_120 v1_6 ,v1_6,,,1.0734,1,0.28,3/31/2026 7:52am,,mrot_3d_shape_120 v1_6 ,mrot_3d_shape_120 v1_6 ,1.000,1.073,mrot_3d_shape_120,1 checked out of 1,
mrot-v2 ap1-280,mental-rotation-v2_87,mental-rotation-v2,mental-rotation-v2,mental-rotation-item-bank,mental-rotation,mental-rotation,levante-shape-rotation-dev,ap1-280,Mental Rotation,ap1-000,test_response,mental-rotation-prompt1,mental-rotation-prompt1,3,0.50,,4.66508024,,ap1-280,mrot_3d_shape_080,mrot_3d_shape_080,79,Choose the matching picture.,,,"ap1-000,an1-000",3D,5000,,3D,mental-rotation-prompt1,87,,,,,,,,,,3/31/2026 7:52am,0,"3D ap1-280 ap1-000 ap1-000,an1-000",3d,shape_080,,,,mrot,,ap1-280,mrot-v2,,mrot_3d_shape_080 v1_6 ,v1_6,,,0.8284,1,0.28,3/31/2026 7:52am,,mrot_3d_shape_080 v1_6 ,mrot_3d_shape_080 v1_6 ,1.000,0.828,mrot_3d_shape_080,1 checked out of 1,
mrot-v2 ap1-320,mental-rotation-v2_88,mental-rotation-v2,mental-rotation-v2,mental-rotation-item-bank,mental-rotation,mental-rotation,levante-shape-rotation-dev,ap1-320,Mental Rotation,ap1-000,test_response,mental-rotation-prompt1,mental-rotation-prompt1,3,0.50,,2.64894498,,ap1-320,mrot_3d_shape_040,mrot_3d_shape_040,80,Choose the matching picture.,,,"ap1-000,an1-000",3D,5000,,3D,mental-rotation-prompt1,88,,,,,,,,,,3/31/2026 7:52am,0,"3D ap1-320 ap1-000 ap1-000,an1-000",3d,shape_040,,,,mrot,,ap1-320,mrot-v2,,mrot_3d_shape_040 v1_6 ,v1_6,,,-0.2225,1,0.28,3/31/2026 7:52am,,mrot_3d_shape_040 v1_6 ,mrot_3d_shape_040 v1_6 ,1.000,-0.223,mrot_3d_shape_040,1 checked out of 1,
mrot-v2 ap2-240,mental-rotation-v2_89,mental-rotation-v2,mental-rotation-v2,mental-rotation-item-bank,mental-rotation,mental-rotation,levante-shape-rotation-dev,ap2-240,Mental Rotation,ap2-000,test_response,mental-rotation-prompt1,mental-rotation-prompt1,3,0.50,,6.57519547,,ap2-240,mrot_3d_shape_120,mrot_3d_shape_120,81,Choose the matching picture.,,,"ap2-000,an2-000",3D,5000,,3D,mental-rotation-prompt1,89,,,,,,,,,,3/31/2026 7:52am,0,"3D ap2-240 ap2-000 ap2-000,an2-000",3d,shape_120,,,,mrot,,ap2-240,mrot-v2,,mrot_3d_shape_120 v1_6 ,v1_6,,,1.0734,1,0.28,3/31/2026 7:52am,,mrot_3d_shape_120 v1_6 ,mrot_3d_shape_120 v1_6 ,1.000,1.073,mrot_3d_shape_120,1 checked out of 1,
mrot-v2 an2-280,mental-rotation-v2_90,mental-rotation-v2,mental-rotation-v2,mental-rotation-item-bank,mental-rotation,mental-rotation,levante-shape-rotation-dev,an2-280,Mental Rotation,an2-000,test_response,mental-rotation-prompt1,mental-rotation-prompt1,3,0.50,,5.15203660,,an2-280,mrot_3d_shape_080,mrot_3d_shape_080,82,Choose the matching picture.,,,"ap2-000,an2-000",3D,5000,,3D,mental-rotation-prompt1,90,,,,,,,,,,3/31/2026 7:52am,0,"3D an2-280 an2-000 ap2-000,an2-000",3d,shape_080,,,,mrot,,an2-280,mrot-v2,,mrot_3d_shape_080 v1_6 ,v1_6,,,0.8284,1,0.28,3/31/2026 7:52am,,mrot_3d_shape_080 v1_6 ,mrot_3d_shape_080 v1_6 ,1.000,0.828,mrot_3d_shape_080,1 checked out of 1,
mrot-v2 an2-320,mental-rotation-v2_91,mental-rotation-v2,mental-rotation-v2,mental-rotation-item-bank,mental-rotation,mental-rotation,levante-shape-rotation-dev,an2-320,Mental Rotation,an2-000,test_response,mental-rotation-prompt1,mental-rotation-prompt1,3,0.50,,4.57381011,,an2-320,mrot_3d_shape_040,mrot_3d_shape_040,83,Choose the matching picture.,,,"ap2-000,an2-000",3D,5000,,3D,mental-rotation-prompt1,91,,,,,,,,,,3/31/2026 7:52am,0,"3D an2-320 an2-000 ap2-000,an2-000",3d,shape_040,,,,mrot,,an2-320,mrot-v2,,mrot_3d_shape_040 v1_6 ,v1_6,,,-0.2225,1,0.28,3/31/2026 7:52am,,mrot_3d_shape_040 v1_6 ,mrot_3d_shape_040 v1_6 ,1.000,-0.223,mrot_3d_shape_040,1 checked out of 1,
mrot-v2 ap6-280,mental-rotation-v2_92,mental-rotation-v2,mental-rotation-v2,mental-rotation-item-bank,mental-rotation,mental-rotation,levante-shape-rotation-dev,ap6-280,Mental Rotation,ap6-000,test_response,mental-rotation-prompt1,mental-rotation-prompt1,3,0.50,,5.49821102,,ap6-280,mrot_3d_shape_080,mrot_3d_shape_080,84,Choose the matching picture.,,,"an6-000,ap6-000",3D,5000,,3D,mental-rotation-prompt1,92,,,,,,,,,,3/31/2026 7:52am,0,"3D ap6-280 ap6-000 an6-000,ap6-000",3d,shape_080,,,,mrot,,ap6-280,mrot-v2,,mrot_3d_shape_080 v1_6 ,v1_6,,,0.8284,1,0.28,3/31/2026 7:52am,,mrot_3d_shape_080 v1_6 ,mrot_3d_shape_080 v1_6 ,1.000,0.828,mrot_3d_shape_080,1 checked out of 1,
mrot-v2 an6-320,mental-rotation-v2_93,mental-rotation-v2,mental-rotation-v2,mental-rotation-item-bank,mental-rotation,mental-rotation,levante-shape-rotation-dev,an6-320,Mental Rotation,an6-000,test_response,mental-rotation-prompt1,mental-rotation-prompt1,3,0.50,,3.90713826,,an6-320,mrot_3d_shape_040,mrot_3d_shape_040,85,Choose the matching picture.,,,"an6-000,ap6-000",3D,5000,,3D,mental-rotation-prompt1,93,,,,,,,,,,3/31/2026 7:52am,0,"3D an6-320 an6-000 an6-000,ap6-000",3d,shape_040,,,,mrot,,an6-320,mrot-v2,,mrot_3d_shape_040 v1_6 ,v1_6,,,-0.2225,1,0.28,3/31/2026 7:52am,,mrot_3d_shape_040 v1_6 ,mrot_3d_shape_040 v1_6 ,1.000,-0.223,mrot_3d_shape_040,1 checked out of 1,
mrot-v2 ap10-240,mental-rotation-v2_94,mental-rotation-v2,mental-rotation-v2,mental-rotation-item-bank,mental-rotation,mental-rotation,levante-shape-rotation-dev,ap10-240,Mental Rotation,ap10-000,test_response,mental-rotation-prompt1,mental-rotation-prompt1,3,0.50,,5.08358109,,ap10-240,mrot_3d_shape_120,mrot_3d_shape_120,86,Choose the matching picture.,,,"an10-000,ap10-000",3D,5000,,3D,mental-rotation-prompt1,94,,,,,,,,,,3/31/2026 7:52am,0,"3D ap10-240 ap10-000 an10-000,ap10-000",3d,shape_120,,,,mrot,,ap10-240,mrot-v2,,mrot_3d_shape_120 v1_6 ,v1_6,,,1.0734,1,0.28,3/31/2026 7:52am,,mrot_3d_shape_120 v1_6 ,mrot_3d_shape_120 v1_6 ,1.000,1.073,mrot_3d_shape_120,1 checked out of 1,
mrot-v2 ap10-320,mental-rotation-v2_95,mental-rotation-v2,mental-rotation-v2,mental-rotation-item-bank,mental-rotation,mental-rotation,levante-shape-rotation-dev,ap10-320,Mental Rotation,ap10-000,test_response,mental-rotation-prompt1,mental-rotation-prompt1,3,0.50,,4.03970338,,ap10-320,mrot_3d_shape_040,mrot_3d_shape_040,87,Choose the matching picture.,,,"an10-000,ap10-000",3D,5000,,3D,mental-rotation-prompt1,95,,,,,,,,,,3/31/2026 7:52am,0,"3D ap10-320 ap10-000 an10-000,ap10-000",3d,shape_040,,,,mrot,,ap10-320,mrot-v2,,mrot_3d_shape_040 v1_6 ,v1_6,,,-0.2225,1,0.28,3/31/2026 7:52am,,mrot_3d_shape_040 v1_6 ,mrot_3d_shape_040 v1_6 ,1.000,-0.223,mrot_3d_shape_040,1 checked out of 1,
mrot-v2 an11-240,mental-rotation-v2_96,mental-rotation-v2,mental-rotation-v2,mental-rotation-item-bank,mental-rotation,mental-rotation,levante-shape-rotation-dev,an11-240,Mental Rotation,an11-000,test_response,mental-rotation-prompt1,mental-rotation-prompt1,3,0.50,,7.00836707,,an11-240,mrot_3d_shape_120,mrot_3d_shape_120,88,Choose the matching picture.,,,"an11-000,ap11-000",3D,5000,,3D,mental-rotation-prompt1,96,,,,,,,,,,3/31/2026 7:52am,0,"3D an11-240 an11-000 an11-000,ap11-000",3d,shape_120,,,,mrot,,an11-240,mrot-v2,,mrot_3d_shape_120 v1_6 ,v1_6,,,1.0734,1,0.28,3/31/2026 7:52am,,mrot_3d_shape_120 v1_6 ,mrot_3d_shape_120 v1_6 ,1.000,1.073,mrot_3d_shape_120,1 checked out of 1,
mrot-v2 an11-320,mental-rotation-v2_97,mental-rotation-v2,mental-rotation-v2,mental-rotation-item-bank,mental-rotation,mental-rotation,levante-shape-rotation-dev,an11-320,Mental Rotation,an11-000,test_response,mental-rotation-prompt1,mental-rotation-prompt1,3,0.50,,4.20630406,,an11-320,mrot_3d_shape_040,mrot_3d_shape_040,89,Choose the matching picture.,,,"an11-000,ap11-000",3D,5000,,3D,mental-rotation-prompt1,97,,,,,,,,,,3/31/2026 7:52am,0,"3D an11-320 an11-000 an11-000,ap11-000",3d,shape_040,,,,mrot,,an11-320,mrot-v2,,mrot_3d_shape_040 v1_6 ,v1_6,,,-0.2225,1,0.28,3/31/2026 7:52am,,mrot_3d_shape_040 v1_6 ,mrot_3d_shape_040 v1_6 ,1.000,-0.223,mrot_3d_shape_040,1 checked out of 1,
mrot-v2 an13-280,mental-rotation-v2_98,mental-rotation-v2,mental-rotation-v2,mental-rotation-item-bank,mental-rotation,mental-rotation,levante-shape-rotation-dev,an13-280,Mental Rotation,an11-000,test_response,mental-rotation-prompt1,mental-rotation-prompt1,3,0.50,,23.48328880,,an13-280,mrot_3d_shape_080,mrot_3d_shape_080,90,Choose the matching picture.,,,"an11-000,ap11-000",3D,5000,,3D,mental-rotation-prompt1,98,,,,,,,,,,3/31/2026 7:52am,0,"3D an13-280 an11-000 an11-000,ap11-000",3d,shape_080,,,,mrot,,an13-280,mrot-v2,,mrot_3d_shape_080 v1_6 ,v1_6,,,0.8284,1,0.28,3/31/2026 7:52am,,mrot_3d_shape_080 v1_6 ,mrot_3d_shape_080 v1_6 ,1.000,0.828,mrot_3d_shape_080,1 checked out of 1,
mrot-v2 ap13-240,mental-rotation-v2_99,mental-rotation-v2,mental-rotation-v2,mental-rotation-item-bank,mental-rotation,mental-rotation,levante-shape-rotation-dev,ap13-240,Mental Rotation,ap13-000,test_response,mental-rotation-prompt1,mental-rotation-prompt1,3,0.50,,5.13827891,,ap13-240,mrot_3d_shape_120,mrot_3d_shape_120,91,Choose the matching picture.,,,"an13-000,ap13-000",3D,5000,,3D,mental-rotation-prompt1,99,,,,,,,,,,3/31/2026 7:52am,0,"3D ap13-240 ap13-000 an13-000,ap13-000",3d,shape_120,,,,mrot,,ap13-240,mrot-v2,,mrot_3d_shape_120 v1_6 ,v1_6,,,1.0734,1,0.28,3/31/2026 7:52am,,mrot_3d_shape_120 v1_6 ,mrot_3d_shape_120 v1_6 ,1.000,1.073,mrot_3d_shape_120,1 checked out of 1,
mrot-v2 an17-320,mental-rotation-v2_100,mental-rotation-v2,mental-rotation-v2,mental-rotation-item-bank,mental-rotation,mental-rotation,levante-shape-rotation-dev,an17-320,Mental Rotation,an17-000,test_response,mental-rotation-prompt1,mental-rotation-prompt1,3,0.50,,4.21337062,,an17-320,mrot_3d_shape_040,mrot_3d_shape_040,92,Choose the matching picture.,,,"an17-000,ap17-000",3D,5000,,3D,mental-rotation-prompt1,100,,,,,,,,,,3/31/2026 7:52am,0,"3D an17-320 an17-000 an17-000,ap17-000",3d,shape_040,,,,mrot,,an17-320,mrot-v2,,mrot_3d_shape_040 v1_6 ,v1_6,,,-0.2225,1,0.28,3/31/2026 7:52am,,mrot_3d_shape_040 v1_6 ,mrot_3d_shape_040 v1_6 ,1.000,-0.223,mrot_3d_shape_040,1 checked out of 1,
mrot-v2 ap17-240,mental-rotation-v2_101,mental-rotation-v2,mental-rotation-v2,mental-rotation-item-bank,mental-rotation,mental-rotation,levante-shape-rotation-dev,ap17-240,Mental Rotation,ap17-000,test_response,mental-rotation-prompt1,mental-rotation-prompt1,3,0.50,,5.42543641,,ap17-240,mrot_3d_shape_120,mrot_3d_shape_120,93,Choose the matching picture.,,,"an17-000,ap17-000",3D,5000,,3D,mental-rotation-prompt1,101,,,,,,,,,,3/31/2026 7:52am,0,"3D ap17-240 ap17-000 an17-000,ap17-000",3d,shape_120,,,,mrot,,ap17-240,mrot-v2,,mrot_3d_shape_120 v1_6 ,v1_6,,,1.0734,1,0.28,3/31/2026 7:52am,,mrot_3d_shape_120 v1_6 ,mrot_3d_shape_120 v1_6 ,1.000,1.073,mrot_3d_shape_120,1 checked out of 1,
mrot-v2 ap17-280,mental-rotation-v2_102,mental-rotation-v2,mental-rotation-v2,mental-rotation-item-bank,mental-rotation,mental-rotation,levante-shape-rotation-dev,ap17-280,Mental Rotation,ap17-000,test_response,mental-rotation-prompt1,mental-rotation-prompt1,3,0.50,,4.81830704,,ap17-280,mrot_3d_shape_080,mrot_3d_shape_080,94,Choose the matching picture.,,,"an17-000,ap17-000",3D,5000,,3D,mental-rotation-prompt1,102,,,,,,,,,,3/31/2026 7:52am,0,"3D ap17-280 ap17-000 an17-000,ap17-000",3d,shape_080,,,,mrot,,ap17-280,mrot-v2,,mrot_3d_shape_080 v1_6 ,v1_6,,,0.8284,1,0.28,3/31/2026 7:52am,,mrot_3d_shape_080 v1_6 ,mrot_3d_shape_080 v1_6 ,1.000,0.828,mrot_3d_shape_080,1 checked out of 1,
mrot-v2 bn1-280,mental-rotation-v2_103,mental-rotation-v2,mental-rotation-v2,mental-rotation-item-bank,mental-rotation,mental-rotation,levante-shape-rotation-dev,bn1-280,Mental Rotation,bn1-000,test_response,mental-rotation-prompt1,mental-rotation-prompt1,3,0.50,,5.04377455,,bn1-280,mrot_3d_shape_080,mrot_3d_shape_080,95,Choose the matching picture.,,,"bn1-000,bp1-000",3D,5000,,3D,mental-rotation-prompt1,103,,,,,,,,,,3/31/2026 7:52am,0,"3D bn1-280 bn1-000 bn1-000,bp1-000",3d,shape_080,,,,mrot,,bn1-280,mrot-v2,,mrot_3d_shape_080 v1_6 ,v1_6,,,0.8284,1,0.28,3/31/2026 7:52am,,mrot_3d_shape_080 v1_6 ,mrot_3d_shape_080 v1_6 ,1.000,0.828,mrot_3d_shape_080,1 checked out of 1,
mrot-v2 bp1-320,mental-rotation-v2_104,mental-rotation-v2,mental-rotation-v2,mental-rotation-item-bank,mental-rotation,mental-rotation,levante-shape-rotation-dev,bp1-320,Mental Rotation,bp1-000,test_response,mental-rotation-prompt1,mental-rotation-prompt1,3,0.50,,3.59636919,,bp1-320,mrot_3d_shape_040,mrot_3d_shape_040,96,Choose the matching picture.,,,"bn1-000,bp1-000",3D,5000,,3D,mental-rotation-prompt1,104,,,,,,,,,,3/31/2026 7:52am,0,"3D bp1-320 bp1-000 bn1-000,bp1-000",3d,shape_040,,,,mrot,,bp1-320,mrot-v2,,mrot_3d_shape_040 v1_6 ,v1_6,,,-0.2225,1,0.28,3/31/2026 7:52am,,mrot_3d_shape_040 v1_6 ,mrot_3d_shape_040 v1_6 ,1.000,-0.223,mrot_3d_shape_040,1 checked out of 1,
mrot-v2 bn5-240,mental-rotation-v2_105,mental-rotation-v2,mental-rotation-v2,mental-rotation-item-bank,mental-rotation,mental-rotation,levante-shape-rotation-dev,bn5-240,Mental Rotation,bn5-000,test_response,mental-rotation-prompt1,mental-rotation-prompt1,3,0.50,,5.32523168,,bn5-240,mrot_3d_shape_120,mrot_3d_shape_120,97,Choose the matching picture.,,,"bn5-000,bp5-000",3D,5000,,3D,mental-rotation-prompt1,105,,,,,,,,,,3/31/2026 7:52am,0,"3D bn5-240 bn5-000 bn5-000,bp5-000",3d,shape_120,,,,mrot,,bn5-240,mrot-v2,,mrot_3d_shape_120 v1_6 ,v1_6,,,1.0734,1,0.28,3/31/2026 7:52am,,mrot_3d_shape_120 v1_6 ,mrot_3d_shape_120 v1_6 ,1.000,1.073,mrot_3d_shape_120,1 checked out of 1,
mrot-v2 bn5-320,mental-rotation-v2_106,mental-rotation-v2,mental-rotation-v2,mental-rotation-item-bank,mental-rotation,mental-rotation,levante-shape-rotation-dev,bn5-320,Mental Rotation,bn5-000,test_response,mental-rotation-prompt1,mental-rotation-prompt1,3,0.50,,4.91109162,,bn5-320,mrot_3d_shape_040,mrot_3d_shape_040,98,Choose the matching picture.,,,"bn5-000,bp5-000",3D,5000,,3D,mental-rotation-prompt1,106,,,,,,,,,,3/31/2026 7:52am,0,"3D bn5-320 bn5-000 bn5-000,bp5-000",3d,shape_040,,,,mrot,,bn5-320,mrot-v2,,mrot_3d_shape_040 v1_6 ,v1_6,,,-0.2225,1,0.28,3/31/2026 7:52am,,mrot_3d_shape_040 v1_6 ,mrot_3d_shape_040 v1_6 ,1.000,-0.223,mrot_3d_shape_040,1 checked out of 1,
mrot-v2 bn6-280,mental-rotation-v2_107,mental-rotation-v2,mental-rotation-v2,mental-rotation-item-bank,mental-rotation,mental-rotation,levante-shape-rotation-dev,bn6-280,Mental Rotation,bn6-000,test_response,mental-rotation-prompt1,mental-rotation-prompt1,3,0.50,,4.96642463,,bn6-280,mrot_3d_shape_080,mrot_3d_shape_080,99,Choose the matching picture.,,,"bn6-000,bp6-000",3D,5000,,3D,mental-rotation-prompt1,107,,,,,,,,,,3/31/2026 7:52am,0,"3D bn6-280 bn6-000 bn6-000,bp6-000",3d,shape_080,,,,mrot,,bn6-280,mrot-v2,,mrot_3d_shape_080 v1_6 ,v1_6,,,0.8284,1,0.28,3/31/2026 7:52am,,mrot_3d_shape_080 v1_6 ,mrot_3d_shape_080 v1_6 ,1.000,0.828,mrot_3d_shape_080,1 checked out of 1,
mrot-v2 bp6-240,mental-rotation-v2_108,mental-rotation-v2,mental-rotation-v2,mental-rotation-item-bank,mental-rotation,mental-rotation,levante-shape-rotation-dev,bp6-240,Mental Rotation,bp6-000,test_response,mental-rotation-prompt1,mental-rotation-prompt1,3,0.50,,4.92173273,,bp6-240,mrot_3d_shape_120,mrot_3d_shape_120,100,Choose the matching picture.,,,"bn6-000,bp6-000",3D,5000,,3D,mental-rotation-prompt1,108,,,,,,,,,,3/31/2026 7:52am,0,"3D bp6-240 bp6-000 bn6-000,bp6-000",3d,shape_120,,,,mrot,,bp6-240,mrot-v2,,mrot_3d_shape_120 v1_6 ,v1_6,,,1.0734,1,0.28,3/31/2026 7:52am,,mrot_3d_shape_120 v1_6 ,mrot_3d_shape_120 v1_6 ,1.000,1.073,mrot_3d_shape_120,1 checked out of 1,
mrot-v2 bp8-280,mental-rotation-v2_109,mental-rotation-v2,mental-rotation-v2,mental-rotation-item-bank,mental-rotation,mental-rotation,levante-shape-rotation-dev,bp8-280,Mental Rotation,bp8-000,test_response,mental-rotation-prompt1,mental-rotation-prompt1,3,0.50,,4.26857681,,bp8-280,mrot_3d_shape_080,mrot_3d_shape_080,101,Choose the matching picture.,,,"bp8-000,bn8-000",3D,5000,,3D,mental-rotation-prompt1,109,,,,,,,,,,3/31/2026 7:52am,0,"3D bp8-280 bp8-000 bp8-000,bn8-000",3d,shape_080,,,,mrot,,bp8-280,mrot-v2,,mrot_3d_shape_080 v1_6 ,v1_6,,,0.8284,1,0.28,3/31/2026 7:52am,,mrot_3d_shape_080 v1_6 ,mrot_3d_shape_080 v1_6 ,1.000,0.828,mrot_3d_shape_080,1 checked out of 1,
mrot-v2 bn8-240,mental-rotation-v2_110,mental-rotation-v2,mental-rotation-v2,mental-rotation-item-bank,mental-rotation,mental-rotation,levante-shape-rotation-dev,bn8-240,Mental Rotation,bn8-000,test_response,mental-rotation-prompt1,mental-rotation-prompt1,3,0.50,,5.43506655,,bn8-240,mrot_3d_shape_120,mrot_3d_shape_120,102,Choose the matching picture.,,,"bp8-000,bn8-000",3D,5000,,3D,mental-rotation-prompt1,110,,,,,,,,,,3/31/2026 7:52am,0,"3D bn8-240 bn8-000 bp8-000,bn8-000",3d,shape_120,,,,mrot,,bn8-240,mrot-v2,,mrot_3d_shape_120 v1_6 ,v1_6,,,1.0734,1,0.28,3/31/2026 7:52am,,mrot_3d_shape_120 v1_6 ,mrot_3d_shape_120 v1_6 ,1.000,1.073,mrot_3d_shape_120,1 checked out of 1,
mrot-v2 bn12-240,mental-rotation-v2_111,mental-rotation-v2,mental-rotation-v2,mental-rotation-item-bank,mental-rotation,mental-rotation,levante-shape-rotation-dev,bn12-240,Mental Rotation,bn12-000,test_response,mental-rotation-prompt1,mental-rotation-prompt1,3,0.50,,20.65816500,,bn12-240,mrot_3d_shape_120,mrot_3d_shape_120,103,Choose the matching picture.,,,"bn12-000,bp12-000",3D,5000,,3D,mental-rotation-prompt1,111,,,,,,,,,,3/31/2026 7:52am,0,"3D bn12-240 bn12-000 bn12-000,bp12-000",3d,shape_120,,,,mrot,,bn12-240,mrot-v2,,mrot_3d_shape_120 v1_6 ,v1_6,,,1.0734,1,0.28,3/31/2026 7:52am,,mrot_3d_shape_120 v1_6 ,mrot_3d_shape_120 v1_6 ,1.000,1.073,mrot_3d_shape_120,1 checked out of 1,
mrot-v2 bn12-280,mental-rotation-v2_112,mental-rotation-v2,mental-rotation-v2,mental-rotation-item-bank,mental-rotation,mental-rotation,levante-shape-rotation-dev,bn12-280,Mental Rotation,bn12-000,test_response,mental-rotation-prompt1,mental-rotation-prompt1,3,0.50,,8.24561982,,bn12-280,mrot_3d_shape_080,mrot_3d_shape_080,104,Choose the matching picture.,,,"bn12-000,bp12-000",3D,5000,,3D,mental-rotation-prompt1,112,,,,,,,,,,3/31/2026 7:52am,0,"3D bn12-280 bn12-000 bn12-000,bp12-000",3d,shape_080,,,,mrot,,bn12-280,mrot-v2,,mrot_3d_shape_080 v1_6 ,v1_6,,,0.8284,1,0.28,3/31/2026 7:52am,,mrot_3d_shape_080 v1_6 ,mrot_3d_shape_080 v1_6 ,1.000,0.828,mrot_3d_shape_080,1 checked out of 1,
mrot-v2 bp12-320,mental-rotation-v2_113,mental-rotation-v2,mental-rotation-v2,mental-rotation-item-bank,mental-rotation,mental-rotation,levante-shape-rotation-dev,bp12-320,Mental Rotation,bp12-000,test_response,mental-rotation-prompt1,mental-rotation-prompt1,3,0.50,,5.98515224,,bp12-320,mrot_3d_shape_040,mrot_3d_shape_040,105,Choose the matching picture.,,,"bn12-000,bp12-000",3D,5000,,3D,mental-rotation-prompt1,113,,,,,,,,,,3/31/2026 7:52am,0,"3D bp12-320 bp12-000 bn12-000,bp12-000",3d,shape_040,,,,mrot,,bp12-320,mrot-v2,,mrot_3d_shape_040 v1_6 ,v1_6,,,-0.2225,1,0.28,3/31/2026 7:52am,,mrot_3d_shape_040 v1_6 ,mrot_3d_shape_040 v1_6 ,1.000,-0.223,mrot_3d_shape_040,1 checked out of 1,
mrot-v2 bp14-240,mental-rotation-v2_114,mental-rotation-v2,mental-rotation-v2,mental-rotation-item-bank,mental-rotation,mental-rotation,levante-shape-rotation-dev,bp14-240,Mental Rotation,bp14-000,test_response,mental-rotation-prompt1,mental-rotation-prompt1,3,0.50,,6.13389488,,bp14-240,mrot_3d_shape_120,mrot_3d_shape_120,106,Choose the matching picture.,,,"bp14-000,bn14-000",3D,5000,,3D,mental-rotation-prompt1,114,,,,,,,,,,3/31/2026 7:52am,0,"3D bp14-240 bp14-000 bp14-000,bn14-000",3d,shape_120,,,,mrot,,bp14-240,mrot-v2,,mrot_3d_shape_120 v1_6 ,v1_6,,,1.0734,1,0.28,3/31/2026 7:52am,,mrot_3d_shape_120 v1_6 ,mrot_3d_shape_120 v1_6 ,1.000,1.073,mrot_3d_shape_120,1 checked out of 1,
mrot-v2 bn14-280,mental-rotation-v2_115,mental-rotation-v2,mental-rotation-v2,mental-rotation-item-bank,mental-rotation,mental-rotation,levante-shape-rotation-dev,bn14-280,Mental Rotation,bn14-000,test_response,mental-rotation-prompt1,mental-rotation-prompt1,3,0.50,,4.72853911,,bn14-280,mrot_3d_shape_080,mrot_3d_shape_080,107,Choose the matching picture.,,,"bp14-000,bn14-000",3D,5000,,3D,mental-rotation-prompt1,115,,,,,,,,,,3/31/2026 7:52am,0,"3D bn14-280 bn14-000 bp14-000,bn14-000",3d,shape_080,,,,mrot,,bn14-280,mrot-v2,,mrot_3d_shape_080 v1_6 ,v1_6,,,0.8284,1,0.28,3/31/2026 7:52am,,mrot_3d_shape_080 v1_6 ,mrot_3d_shape_080 v1_6 ,1.000,0.828,mrot_3d_shape_080,1 checked out of 1,
mrot-v2 bn14-320,mental-rotation-v2_116,mental-rotation-v2,mental-rotation-v2,mental-rotation-item-bank,mental-rotation,mental-rotation,levante-shape-rotation-dev,bn14-320,Mental Rotation,bn14-000,test_response,mental-rotation-prompt1,mental-rotation-prompt1,3,0.50,,5.38018893,,bn14-320,mrot_3d_shape_040,mrot_3d_shape_040,108,Choose the matching picture.,,,"bp14-000,bn14-000",3D,5000,,3D,mental-rotation-prompt1,116,,,,,,,,,,3/31/2026 7:52am,0,"3D bn14-320 bn14-000 bp14-000,bn14-000",3d,shape_040,,,,mrot,,bn14-320,mrot-v2,,mrot_3d_shape_040 v1_6 ,v1_6,,,-0.2225,1,0.28,3/31/2026 7:52am,,mrot_3d_shape_040 v1_6 ,mrot_3d_shape_040 v1_6 ,1.000,-0.223,mrot_3d_shape_040,1 checked out of 1,
mrot-v2 bn15-240,mental-rotation-v2_117,mental-rotation-v2,mental-rotation-v2,mental-rotation-item-bank,mental-rotation,mental-rotation,levante-shape-rotation-dev,bn15-240,Mental Rotation,bn15-000,test_response,mental-rotation-prompt1,mental-rotation-prompt1,3,0.50,,7.85339520,,bn15-240,mrot_3d_shape_120,mrot_3d_shape_120,109,Choose the matching picture.,,,"bn15-000,bp15-000",3D,5000,,3D,mental-rotation-prompt1,117,,,,,,,,,,3/31/2026 7:52am,0,"3D bn15-240 bn15-000 bn15-000,bp15-000",3d,shape_120,,,,mrot,,bn15-240,mrot-v2,,mrot_3d_shape_120 v1_6 ,v1_6,,,1.0734,1,0.28,3/31/2026 7:52am,,mrot_3d_shape_120 v1_6 ,mrot_3d_shape_120 v1_6 ,1.000,1.073,mrot_3d_shape_120,1 checked out of 1,
mrot-v2 bp15-280,mental-rotation-v2_118,mental-rotation-v2,mental-rotation-v2,mental-rotation-item-bank,mental-rotation,mental-rotation,levante-shape-rotation-dev,bp15-280,Mental Rotation,bp15-000,test_response,mental-rotation-prompt1,mental-rotation-prompt1,3,0.50,,6.68897630,,bp15-280,mrot_3d_shape_080,mrot_3d_shape_080,110,Choose the matching picture.,,,"bn15-000,bp15-000",3D,5000,,3D,mental-rotation-prompt1,118,,,,,,,,,,3/31/2026 7:52am,0,"3D bp15-280 bp15-000 bn15-000,bp15-000",3d,shape_080,,,,mrot,,bp15-280,mrot-v2,,mrot_3d_shape_080 v1_6 ,v1_6,,,0.8284,1,0.28,3/31/2026 7:52am,,mrot_3d_shape_080 v1_6 ,mrot_3d_shape_080 v1_6 ,1.000,0.828,mrot_3d_shape_080,1 checked out of 1,
mrot-v2 bp15-320,mental-rotation-v2_119,mental-rotation-v2,mental-rotation-v2,mental-rotation-item-bank,mental-rotation,mental-rotation,levante-shape-rotation-dev,bp15-320,Mental Rotation,bp15-000,test_response,mental-rotation-prompt1,mental-rotation-prompt1,3,0.50,,,,bp15-320,mrot_3d_shape_040,mrot_3d_shape_040,111,Choose the matching picture.,,,"bn15-000,bp15-000",3D,5000,,3D,mental-rotation-prompt1,119,,,,,,,,,,3/31/2026 7:52am,0,"3D bp15-320 bp15-000 bn15-000,bp15-000",3d,shape_040,,,,mrot,,bp15-320,mrot-v2,,mrot_3d_shape_040 v1_6 ,v1_6,,,-0.2225,1,0.28,3/31/2026 7:52am,,mrot_3d_shape_040 v1_6 ,mrot_3d_shape_040 v1_6 ,1.000,-0.223,mrot_3d_shape_040,1 checked out of 1,